{
    "name": "root",
    "gauges": {
        "NpcPlayerGp2.Policy.Entropy.mean": {
            "value": 0.3004834055900574,
            "min": 0.1591465324163437,
            "max": 0.7250064611434937,
            "count": 1000
        },
        "NpcPlayerGp2.Policy.Entropy.sum": {
            "value": 524.64404296875,
            "min": 295.1907958984375,
            "max": 1551.02392578125,
            "count": 1000
        },
        "NpcPlayerGp2.Environment.EpisodeLength.mean": {
            "value": 2.5,
            "min": 1.5028901734104045,
            "max": 3.5,
            "count": 1000
        },
        "NpcPlayerGp2.Environment.EpisodeLength.sum": {
            "value": 1250.0,
            "min": 1011.0,
            "max": 1806.0,
            "count": 1000
        },
        "NpcPlayerGp2.Self-play.ELO.mean": {
            "value": 6117.3098641444685,
            "min": 1130.2797780443225,
            "max": 6117.3098641444685,
            "count": 1000
        },
        "NpcPlayerGp2.Self-play.ELO.sum": {
            "value": 1529327.4660361172,
            "min": 265356.3967522213,
            "max": 1938251.4825912889,
            "count": 1000
        },
        "NpcPlayerGp2.Step.mean": {
            "value": 999999.0,
            "min": 999.0,
            "max": 999999.0,
            "count": 1000
        },
        "NpcPlayerGp2.Step.sum": {
            "value": 999999.0,
            "min": 999.0,
            "max": 999999.0,
            "count": 1000
        },
        "NpcPlayerGp2.Policy.ExtrinsicValueEstimate.mean": {
            "value": 0.9815362095832825,
            "min": -0.9950236082077026,
            "max": 0.9963820576667786,
            "count": 1000
        },
        "NpcPlayerGp2.Policy.ExtrinsicValueEstimate.sum": {
            "value": 245.38404846191406,
            "min": -446.1302490234375,
            "max": 327.82843017578125,
            "count": 1000
        },
        "NpcPlayerGp2.Environment.CumulativeReward.mean": {
            "value": 0.992,
            "min": -1.0,
            "max": 1.0,
            "count": 1000
        },
        "NpcPlayerGp2.Environment.CumulativeReward.sum": {
            "value": 248.0,
            "min": -429.0,
            "max": 332.0,
            "count": 1000
        },
        "NpcPlayerGp2.Policy.ExtrinsicReward.mean": {
            "value": 0.992,
            "min": -1.0,
            "max": 1.0,
            "count": 1000
        },
        "NpcPlayerGp2.Policy.ExtrinsicReward.sum": {
            "value": 248.0,
            "min": -429.0,
            "max": 332.0,
            "count": 1000
        },
        "NpcPlayerGp2.Losses.PolicyLoss.mean": {
            "value": 0.10831886097106949,
            "min": 0.09763704981846136,
            "max": 0.24899738695239648,
            "count": 1000
        },
        "NpcPlayerGp2.Losses.PolicyLoss.sum": {
            "value": 0.21663772194213898,
            "min": 0.09763704981846136,
            "max": 0.49799477390479296,
            "count": 1000
        },
        "NpcPlayerGp2.Losses.ValueLoss.mean": {
            "value": 0.0036549260827497066,
            "min": 5.837569134671737e-05,
            "max": 0.328936602487894,
            "count": 1000
        },
        "NpcPlayerGp2.Losses.ValueLoss.sum": {
            "value": 0.007309852165499413,
            "min": 5.837569134671737e-05,
            "max": 0.657873204975788,
            "count": 1000
        },
        "NpcPlayerGp2.Policy.LearningRate.mean": {
            "value": 0.0003,
            "min": 0.0003,
            "max": 0.0003,
            "count": 1000
        },
        "NpcPlayerGp2.Policy.LearningRate.sum": {
            "value": 0.0006,
            "min": 0.0003,
            "max": 0.0006,
            "count": 1000
        },
        "NpcPlayerGp2.Policy.Epsilon.mean": {
            "value": 0.29999999999999993,
            "min": 0.29999999999999993,
            "max": 0.29999999999999993,
            "count": 1000
        },
        "NpcPlayerGp2.Policy.Epsilon.sum": {
            "value": 0.5999999999999999,
            "min": 0.29999999999999993,
            "max": 0.5999999999999999,
            "count": 1000
        },
        "NpcPlayerGp2.Policy.Beta.mean": {
            "value": 0.004999999999999999,
            "min": 0.004999999999999999,
            "max": 0.004999999999999999,
            "count": 1000
        },
        "NpcPlayerGp2.Policy.Beta.sum": {
            "value": 0.009999999999999998,
            "min": 0.004999999999999999,
            "max": 0.009999999999999998,
            "count": 1000
        },
        "NpcPlayerGp2.IsTraining.mean": {
            "value": 1.0,
            "min": 1.0,
            "max": 1.0,
            "count": 1000
        },
        "NpcPlayerGp2.IsTraining.sum": {
            "value": 1.0,
            "min": 1.0,
            "max": 1.0,
            "count": 1000
        }
    },
    "metadata": {
        "timer_format_version": "0.1.0",
        "start_time_seconds": "1723788200",
        "python_version": "3.10.12 (main, Jul  5 2023, 15:34:07) [Clang 14.0.6 ]",
        "command_line_arguments": "/Users/admin/opt/anaconda3/envs/mlagents/bin/mlagents-learn config/tictactoe_gp2_v1.yaml --env=/Users/admin/Desktop/TicTacToe_TrainGp2.app --run-id=TicTacToe_Gp2_v1_3 --initialize-from=/Users/admin/Desktop/GameProjects/GameDev_Nanyka/2D_Project/results/TicTacToe_Gp2_v1_2 --no-graphic",
        "mlagents_version": "1.0.0",
        "mlagents_envs_version": "1.0.0",
        "communication_protocol_version": "1.5.0",
        "pytorch_version": "2.2.2",
        "numpy_version": "1.21.2",
        "end_time_seconds": "1723795226"
    },
    "total": 7026.000810759999,
    "count": 1,
    "self": 0.4897687999982736,
    "children": {
        "run_training.setup": {
            "total": 0.043911617000048864,
            "count": 1,
            "self": 0.043911617000048864
        },
        "TrainerController.start_learning": {
            "total": 7025.4671303430005,
            "count": 1,
            "self": 8.773539176947452,
            "children": {
                "TrainerController._reset_env": {
                    "total": 6.378712209023433,
                    "count": 100,
                    "self": 6.378712209023433
                },
                "TrainerController.advance": {
                    "total": 7010.262897630033,
                    "count": 324320,
                    "self": 4.0786749550661625,
                    "children": {
                        "env_step": {
                            "total": 7006.184222674967,
                            "count": 324320,
                            "self": 5300.29220443098,
                            "children": {
                                "SubprocessEnvManager._take_step": {
                                    "total": 1701.1291738778145,
                                    "count": 324320,
                                    "self": 37.2435110451479,
                                    "children": {
                                        "TorchPolicy.evaluate": {
                                            "total": 1663.8856628326666,
                                            "count": 635885,
                                            "self": 1663.8856628326666
                                        }
                                    }
                                },
                                "workers": {
                                    "total": 4.7628443661724305,
                                    "count": 324320,
                                    "self": 0.0,
                                    "children": {
                                        "worker_root": {
                                            "total": 7008.171826110856,
                                            "count": 324320,
                                            "is_parallel": true,