{
    "name": "root",
    "gauges": {
        "NpcPlayer.Policy.Entropy.mean": {
            "value": 1.1343973875045776,
            "min": 1.036676287651062,
            "max": 2.1969101428985596,
            "count": 174
        },
        "NpcPlayer.Policy.Entropy.sum": {
            "value": 2266.52587890625,
            "min": 2071.279296875,
            "max": 4381.4150390625,
            "count": 174
        },
        "NpcPlayer.Environment.EpisodeLength.mean": {
            "value": 0.0,
            "min": 0.0,
            "max": 0.17876424715056988,
            "count": 174
        },
        "NpcPlayer.Environment.EpisodeLength.sum": {
            "value": 0.0,
            "min": 0.0,
            "max": 298.0,
            "count": 174
        },
        "NpcPlayer.Self-play.ELO.mean": {
            "value": 1187.9130117203104,
            "min": 1103.5327858427338,
            "max": 1418.36898643024,
            "count": 174
        },
        "NpcPlayer.Self-play.ELO.sum": {
            "value": 1186725.09870859,
            "min": 1024927.2824531924,
            "max": 1421187.4018791202,
            "count": 174
        },
        "NpcPlayer.Step.mean": {
            "value": 173999.0,
            "min": 999.0,
            "max": 173999.0,
            "count": 174
        },
        "NpcPlayer.Step.sum": {
            "value": 173999.0,
            "min": 999.0,
            "max": 173999.0,
            "count": 174
        },
        "NpcPlayer.Policy.ExtrinsicValueEstimate.mean": {
            "value": -0.16599999368190765,
            "min": -0.168011873960495,
            "max": 0.23433180153369904,
            "count": 174
        },
        "NpcPlayer.Policy.ExtrinsicValueEstimate.sum": {
            "value": -166.0,
            "min": -168.01187133789062,
            "max": 226.59884643554688,
            "count": 174
        },
        "NpcPlayer.Environment.CumulativeReward.mean": {
            "value": -0.166,
            "min": -0.17647058823529413,
            "max": 0.24095139607032057,
            "count": 174
        },
        "NpcPlayer.Environment.CumulativeReward.sum": {
            "value": -166.0,
            "min": -174.0,
            "max": 233.0,
            "count": 174
        },
        "NpcPlayer.Policy.ExtrinsicReward.mean": {
            "value": -0.166,
            "min": -0.17647058823529413,
            "max": 0.24095139607032057,
            "count": 174
        },
        "NpcPlayer.Policy.ExtrinsicReward.sum": {
            "value": -166.0,
            "min": -174.0,
            "max": 233.0,
            "count": 174
        },
        "NpcPlayer.Losses.PolicyLoss.mean": {
            "value": 0.13363743633297936,
            "min": 0.05637986469082534,
            "max": 0.15805640713577823,
            "count": 174
        },
        "NpcPlayer.Losses.PolicyLoss.sum": {
            "value": 0.26727487266595873,
            "min": 0.08869182343395161,
            "max": 0.3056648223344902,
            "count": 174
        },
        "NpcPlayer.Losses.ValueLoss.mean": {
            "value": 3.7023955330133566e-16,
            "min": 0.0,
            "max": 0.2152950077184609,
            "count": 174
        },
        "NpcPlayer.Losses.ValueLoss.sum": {
            "value": 7.404791066026713e-16,
            "min": 0.0,
            "max": 0.34178098989650607,
            "count": 174
        },
        "NpcPlayer.Policy.LearningRate.mean": {
            "value": 0.0003,
            "min": 0.0003,
            "max": 0.0003,
            "count": 174
        },
        "NpcPlayer.Policy.LearningRate.sum": {
            "value": 0.0006,
            "min": 0.0003,
            "max": 0.0006,
            "count": 174
        },
        "NpcPlayer.Policy.Epsilon.mean": {
            "value": 0.29999999999999993,
            "min": 0.29999999999999993,
            "max": 0.29999999999999993,
            "count": 174
        },
        "NpcPlayer.Policy.Epsilon.sum": {
            "value": 0.5999999999999999,
            "min": 0.29999999999999993,
            "max": 0.5999999999999999,
            "count": 174
        },
        "NpcPlayer.Policy.Beta.mean": {
            "value": 0.004999999999999999,
            "min": 0.004999999999999999,
            "max": 0.004999999999999999,
            "count": 174
        },
        "NpcPlayer.Policy.Beta.sum": {
            "value": 0.009999999999999998,
            "min": 0.004999999999999999,
            "max": 0.009999999999999998,
            "count": 174
        },
        "NpcPlayer.IsTraining.mean": {
            "value": 1.0,
            "min": 1.0,
            "max": 1.0,
            "count": 174
        },
        "NpcPlayer.IsTraining.sum": {
            "value": 1.0,
            "min": 1.0,
            "max": 1.0,
            "count": 174
        }
    },
    "metadata": {
        "timer_format_version": "0.1.0",
        "start_time_seconds": "1723468961",
        "python_version": "3.10.12 (main, Jul  5 2023, 15:34:07) [Clang 14.0.6 ]",
        "command_line_arguments": "/Users/admin/opt/anaconda3/envs/mlagents/bin/mlagents-learn config/tictactoe_v3.yaml --run-id=TicTacToe_v4",
        "mlagents_version": "1.0.0",
        "mlagents_envs_version": "1.0.0",
        "communication_protocol_version": "1.5.0",
        "pytorch_version": "2.2.2",
        "numpy_version": "1.21.2",
        "end_time_seconds": "1723469870"
    },
    "total": 909.0951222040001,
    "count": 1,
    "self": 0.007840703000056237,
    "children": {
        "run_training.setup": {
            "total": 0.05095172699998329,
            "count": 1,
            "self": 0.05095172699998329
        },
        "TrainerController.start_learning": {
            "total": 909.036329774,
            "count": 1,
            "self": 1.1643799239786858,
            "children": {
                "TrainerController._reset_env": {
                    "total": 31.170603760000176,
                    "count": 18,
                    "self": 31.170603760000176
                },
                "TrainerController.advance": {
                    "total": 876.6034345110215,
                    "count": 57800,
                    "self": 0.5612953721124541,
                    "children": {
                        "env_step": {
                            "total": 876.0421391389091,
                            "count": 57800,
                            "self": 630.6162909249194,
                            "children": {
                                "SubprocessEnvManager._take_step": {
                                    "total": 244.78072783197172,
                                    "count": 57800,
                                    "self": 4.606984463987374,
                                    "children": {
                                        "TorchPolicy.evaluate": {
                                            "total": 240.17374336798434,
                                            "count": 111310,
                                            "self": 240.17374336798434
                                        }
                                    }
                                },
                                "workers": {
                                    "total": 0.6451203820179217,
                                    "count": 57799,
                                    "self": 0.0,
                                    "children": {
                                        "worker_root": {
                                            "total": 874.157815000021,
                                            "count": 57799,
                                            "is_parallel": true,
                                            "self": 465.65371512804563,
                                            "children": {
                                                "steps_from_proto": {
                                                    "total": 0.008880065000084869,