{
    "name": "root",
    "gauges": {
        "NpcPlayerGp2.Policy.Entropy.mean": {
            "value": 0.052590347826480865,
            "min": 1.4777482647332363e-05,
            "max": 0.11921250820159912,
            "count": 48
        },
        "NpcPlayerGp2.Policy.Entropy.sum": {
            "value": 107.44207763671875,
            "min": 0.02943674474954605,
            "max": 237.4713134765625,
            "count": 48
        },
        "NpcPlayerGp2.Environment.EpisodeLength.mean": {
            "value": 0.6246006389776357,
            "min": 0.5708661417322834,
            "max": 1.0,
            "count": 48
        },
        "NpcPlayerGp2.Environment.EpisodeLength.sum": {
            "value": 782.0,
            "min": 725.0,
            "max": 1032.0,
            "count": 48
        },
        "NpcPlayerGp2.Self-play.ELO.mean": {
            "value": 1406.4255843179221,
            "min": 1050.3981608497525,
            "max": 1544.9302444911225,
            "count": 48
        },
        "NpcPlayerGp2.Self-play.ELO.sum": {
            "value": 880422.4157830193,
            "min": 523297.9661546706,
            "max": 902925.225132106,
            "count": 48
        },
        "NpcPlayerGp2.Step.mean": {
            "value": 47999.0,
            "min": 998.0,
            "max": 47999.0,
            "count": 48
        },
        "NpcPlayerGp2.Step.sum": {
            "value": 47999.0,
            "min": 998.0,
            "max": 47999.0,
            "count": 48
        },
        "NpcPlayerGp2.Policy.ExtrinsicValueEstimate.mean": {
            "value": -0.021385639905929565,
            "min": -0.0993180125951767,
            "max": 0.25317323207855225,
            "count": 48
        },
        "NpcPlayerGp2.Policy.ExtrinsicValueEstimate.sum": {
            "value": -13.173554420471191,
            "min": -49.65900802612305,
            "max": 127.85247802734375,
            "count": 48
        },
        "NpcPlayerGp2.Environment.CumulativeReward.mean": {
            "value": -0.03587662415312869,
            "min": -0.13360000199079514,
            "max": 0.13360000199079514,
            "count": 48
        },
        "NpcPlayerGp2.Environment.CumulativeReward.sum": {
            "value": -22.100000478327274,
            "min": -66.80000099539757,
            "max": 66.80000099539757,
            "count": 48
        },
        "NpcPlayerGp2.Policy.ExtrinsicReward.mean": {
            "value": -0.03587662415312869,
            "min": -0.13360000199079514,
            "max": 0.13360000199079514,
            "count": 48
        },
        "NpcPlayerGp2.Policy.ExtrinsicReward.sum": {
            "value": -22.100000478327274,
            "min": -66.80000099539757,
            "max": 66.80000099539757,
            "count": 48
        },
        "NpcPlayerGp2.Losses.PolicyLoss.mean": {
            "value": 0.09472836329535182,
            "min": 0.07700716149494319,
            "max": 0.11355084325519524,
            "count": 48
        },
        "NpcPlayerGp2.Losses.PolicyLoss.sum": {
            "value": 0.18945672659070364,
            "min": 0.09043752195845757,
            "max": 0.2225130670205025,
            "count": 48
        },
        "NpcPlayerGp2.Losses.ValueLoss.mean": {
            "value": 0.0022695624034635587,
            "min": 6.155367324476144e-14,
            "max": 0.018918725969602486,
            "count": 48
        },
        "NpcPlayerGp2.Losses.ValueLoss.sum": {
            "value": 0.004539124806927117,
            "min": 1.2310734648952288e-13,
            "max": 0.03783745193920497,
            "count": 48
        },
        "NpcPlayerGp2.Policy.LearningRate.mean": {
            "value": 0.0003,
            "min": 0.0003,
            "max": 0.0003,
            "count": 48
        },
        "NpcPlayerGp2.Policy.LearningRate.sum": {
            "value": 0.0006,
            "min": 0.0003,
            "max": 0.0006,
            "count": 48
        },
        "NpcPlayerGp2.Policy.Epsilon.mean": {
            "value": 0.3,
            "min": 0.3,
            "max": 0.3,
            "count": 48
        },
        "NpcPlayerGp2.Policy.Epsilon.sum": {
            "value": 0.6,
            "min": 0.3,
            "max": 0.6,
            "count": 48
        },
        "NpcPlayerGp2.Policy.Beta.mean": {
            "value": 0.005,
            "min": 0.005,
            "max": 0.005,
            "count": 48
        },
        "NpcPlayerGp2.Policy.Beta.sum": {
            "value": 0.01,
            "min": 0.005,
            "max": 0.01,
            "count": 48
        },
        "NpcPlayerGp2.IsTraining.mean": {
            "value": 1.0,
            "min": 1.0,
            "max": 1.0,
            "count": 48
        },
        "NpcPlayerGp2.IsTraining.sum": {
            "value": 1.0,
            "min": 1.0,
            "max": 1.0,
            "count": 48
        }
    },
    "metadata": {
        "timer_format_version": "0.1.0",
        "start_time_seconds": "1725596423",
        "python_version": "3.10.12 (main, Jul  5 2023, 15:34:07) [Clang 14.0.6 ]",
        "command_line_arguments": "/Users/admin/opt/anaconda3/envs/mlagents/bin/mlagents-learn config/tictactoe_gp2_v3.yaml --run-id=TicTacToe_Gp2_v3_7 --env=/Users/admin/Desktop/TicTacToe_TrainGp2_v3.app --no-graphics --initialize-from=/Users/admin/Desktop/GameProjects/GameDev_Nanyka/2D_Project/results/TicTacToe_Gp2_v3_6",
        "mlagents_version": "1.0.0",
        "mlagents_envs_version": "1.0.0",
        "communication_protocol_version": "1.5.0",
        "pytorch_version": "2.2.2",
        "numpy_version": "1.21.2",
        "end_time_seconds": "1725596712"
    },
    "total": 288.3052728830007,
    "count": 1,
    "self": 0.33637600100155396,
    "children": {
        "run_training.setup": {
            "total": 0.05030840499966871,
            "count": 1,
            "self": 0.05030840499966871
        },
        "TrainerController.start_learning": {
            "total": 287.9185884769995,
            "count": 1,
            "self": 0.33613333215907915,
            "children": {
                "TrainerController._reset_env": {
                    "total": 7.6353178120007215,
                    "count": 5,
                    "self": 7.6353178120007215
                },
                "TrainerController.advance": {
                    "total": 279.8383928328385,
                    "count": 12376,
                    "self": 0.1626498908699432,
                    "children": {
                        "env_step": {
                            "total": 279.67574294196856,
                            "count": 12376,
                            "self": 224.62848712799496,
                            "children": {
                                "SubprocessEnvManager._take_step": {
                                    "total": 54.86674111202046,
                                    "count": 12376,
                                    "self": 1.2946132870220026,
                                    "children": {
                                        "TorchPolicy.evaluate": {
                                            "total": 53.57212782499846,
                                            "count": 24245,
                                            "self": 53.57212782499846
                                        }
                                    }
                                },
                                "workers": {
                                    "total": 0.18051470195314323,
                                    "count": 12375,
                                    "self": 0.0,
                                    "children": {
                                        "worker_root": {
                                            "total": 281.1685075508394,
                                            "count": 12375,
                                            "is_parallel": true,
                                            "self": 112.72665469583626,