{
    "name": "root",
    "metadata": {
        "timer_format_version": "0.1.0",
        "start_time_seconds": "1723923664",
        "python_version": "3.10.12 (main, Jul  5 2023, 15:34:07) [Clang 14.0.6 ]",
        "command_line_arguments": "/Users/admin/opt/anaconda3/envs/mlagents/bin/mlagents-learn config/tictactoe_gp2.yaml --run-id=TicTacToe_Gp2_v3_2 --resume",
        "mlagents_version": "1.0.0",
        "mlagents_envs_version": "1.0.0",
        "communication_protocol_version": "1.5.0",
        "pytorch_version": "2.2.2",
        "numpy_version": "1.21.2",
        "end_time_seconds": "1723923681"
    },
    "total": 16.5830039149987,
    "count": 1,
    "self": 0.007919063998997444,
    "children": {
        "run_training.setup": {
            "total": 0.04445456100074807,
            "count": 1,
            "self": 0.04445456100074807
        },
        "TrainerController.start_learning": {
            "total": 16.530630289998953,
            "count": 1,
            "self": 0.010423775020171888,
            "children": {
                "TrainerController._reset_env": {
                    "total": 12.160985426002298,
                    "count": 2,
                    "self": 12.160985426002298
                },
                "TrainerController.advance": {
                    "total": 4.2571060299778765,
                    "count": 411,
                    "self": 0.0049830099560495,
                    "children": {
                        "env_step": {
                            "total": 4.252123020021827,
                            "count": 411,
                            "self": 3.2632992869766895,
                            "children": {
                                "SubprocessEnvManager._take_step": {
                                    "total": 0.9832222919721971,
                                    "count": 411,
                                    "self": 0.024664782991749234,
                                    "children": {
                                        "TorchPolicy.evaluate": {
                                            "total": 0.9585575089804479,
                                            "count": 411,
                                            "self": 0.9585575089804479
                                        }
                                    }
                                },
                                "workers": {
                                    "total": 0.005601441072940361,
                                    "count": 410,
                                    "self": 0.0,
                                    "children": {
                                        "worker_root": {
                                            "total": 5.048172244998568,
                                            "count": 410,
                                            "is_parallel": true,
                                            "self": 2.276869130011619,
                                            "children": {
                                                "steps_from_proto": {
                                                    "total": 0.0006087029978516512,
                                                    "count": 3,
                                                    "is_parallel": true,
                                                    "self": 0.0003560379955160897,
                                                    "children": {
                                                        "_process_rank_one_or_two_observation": {
                                                            "total": 0.00025266500233556144,
                                                            "count": 6,
                                                            "is_parallel": true,
                                                            "self": 0.00025266500233556144
                                                        }
                                                    }
                                                },
                                                "UnityEnvironment.step": {
                                                    "total": 2.7706944119890977,
                                                    "count": 410,
                                                    "is_parallel": true,
                                                    "self": 0.041207753958588,
                                                    "children": {
                                                        "UnityEnvironment._generate_step_input": {
                                                            "total": 0.06460577602410922,
                                                            "count": 410,
                                                            "is_parallel": true,
                                                            "self": 0.06460577602410922
                                                        },
                                                        "communicator.exchange": {
                                                            "total": 2.4885434830139275,
                                                            "count": 410,
                                                            "is_parallel": true,
                                                            "self": 2.4885434830139275
                                                        },
                                                        "steps_from_proto": {
                                                            "total": 0.17633739899247303,
                                                            "count": 820,
                                                            "is_parallel": true,
                                                            "self": 0.1133661689782457,
                                                            "children": {
                                                                "_process_rank_one_or_two_observation": {
                                                                    "total": 0.06297123001422733,
                                                                    "count": 1640,
                                                                    "is_parallel": true,
                                                                    "self": 0.06297123001422733
                                                                }
                                                            }
                                                        }
                                                    }
                                                }
                                            }
                                        }
                                    }
                                }
                            }
                        }
                    }
                },
                "trainer_threads": {
                    "total": 1.886699828901328e-05,
                    "count": 1,
                    "self": 1.886699828901328e-05,
                    "children": {
                        "thread_root": {
                            "total": 0.0,
                            "count": 0,
                            "is_parallel": true,
                            "self": 0.0,
                            "children": {
                                "trainer_advance": {
                                    "total": 4.117007895853021,
                                    "count": 20063,
                                    "is_parallel": true,
                                    "self": 0.6681338769340073,
                                    "children": {
                                        "process_trajectory": {
                                            "total": 3.448874018919014,
                                            "count": 20063,