{
    "name": "root",
    "gauges": {
        "NpcPlayerGp2.Policy.Entropy.mean": {
            "value": 0.4436761140823364,
            "min": 0.09799943119287491,
            "max": 0.7259639501571655,
            "count": 251
        },
        "NpcPlayerGp2.Policy.Entropy.sum": {
            "value": 779.9826049804688,
            "min": 43.074607849121094,
            "max": 1446.679443359375,
            "count": 251
        },
        "NpcPlayerGp2.Environment.EpisodeLength.mean": {
            "value": 2.095406360424028,
            "min": 2.0826558265582658,
            "max": 3.50125313283208,
            "count": 251
        },
        "NpcPlayerGp2.Environment.EpisodeLength.sum": {
            "value": 1186.0,
            "min": 62.0,
            "max": 1801.0,
            "count": 251
        },
        "NpcPlayerGp2.Self-play.ELO.mean": {
            "value": 4805.329718930522,
            "min": 3967.4728649205836,
            "max": 4805.329718930522,
            "count": 251
        },
        "NpcPlayerGp2.Self-play.ELO.sum": {
            "value": 1359908.3104573379,
            "min": 48100.80758480523,
            "max": 1493080.0273875692,
            "count": 251
        },
        "NpcPlayerGp2.Step.mean": {
            "value": 999999.0,
            "min": 749998.0,
            "max": 999999.0,
            "count": 251
        },
        "NpcPlayerGp2.Step.sum": {
            "value": 999999.0,
            "min": 749998.0,
            "max": 999999.0,
            "count": 251
        },
        "NpcPlayerGp2.Policy.ExtrinsicValueEstimate.mean": {
            "value": 0.5759297609329224,
            "min": -0.9111233949661255,
            "max": 0.9781290292739868,
            "count": 251
        },
        "NpcPlayerGp2.Policy.ExtrinsicValueEstimate.sum": {
            "value": 163.56405639648438,
            "min": -298.8484802246094,
            "max": 257.8934326171875,
            "count": 251
        },
        "NpcPlayerGp2.Environment.CumulativeReward.mean": {
            "value": 0.5316901408450704,
            "min": -0.8871951219512195,
            "max": 1.0,
            "count": 251
        },
        "NpcPlayerGp2.Environment.CumulativeReward.sum": {
            "value": 151.0,
            "min": -291.0,
            "max": 271.0,
            "count": 251
        },
        "NpcPlayerGp2.Policy.ExtrinsicReward.mean": {
            "value": 0.5316901408450704,
            "min": -0.8871951219512195,
            "max": 1.0,
            "count": 251
        },
        "NpcPlayerGp2.Policy.ExtrinsicReward.sum": {
            "value": 151.0,
            "min": -291.0,
            "max": 271.0,
            "count": 251
        },
        "NpcPlayerGp2.IsTraining.mean": {
            "value": 1.0,
            "min": 1.0,
            "max": 1.0,
            "count": 251
        },
        "NpcPlayerGp2.IsTraining.sum": {
            "value": 1.0,
            "min": 1.0,
            "max": 1.0,
            "count": 251
        },
        "NpcPlayerGp2.Losses.PolicyLoss.mean": {
            "value": 0.14145122154150158,
            "min": 0.1119437798936685,
            "max": 0.2765669228392653,
            "count": 250
        },
        "NpcPlayerGp2.Losses.PolicyLoss.sum": {
            "value": 0.28290244308300316,
            "min": 0.11280956107657403,
            "max": 0.5531338456785306,
            "count": 250
        },
        "NpcPlayerGp2.Losses.ValueLoss.mean": {
            "value": 0.1365527022530192,
            "min": 8.359125071219102e-05,
            "max": 0.1624549349071458,
            "count": 250
        },
        "NpcPlayerGp2.Losses.ValueLoss.sum": {
            "value": 0.2731054045060384,
            "min": 0.00016718250142438204,
            "max": 0.3249098698142916,
            "count": 250
        },
        "NpcPlayerGp2.Policy.LearningRate.mean": {
            "value": 0.0003,
            "min": 0.0003,
            "max": 0.0003,
            "count": 250
        },
        "NpcPlayerGp2.Policy.LearningRate.sum": {
            "value": 0.0006,
            "min": 0.0003,
            "max": 0.0006,
            "count": 250
        },
        "NpcPlayerGp2.Policy.Epsilon.mean": {
            "value": 0.29999999999999993,
            "min": 0.29999999999999993,
            "max": 0.29999999999999993,
            "count": 250
        },
        "NpcPlayerGp2.Policy.Epsilon.sum": {
            "value": 0.5999999999999999,
            "min": 0.29999999999999993,
            "max": 0.5999999999999999,
            "count": 250
        },
        "NpcPlayerGp2.Policy.Beta.mean": {
            "value": 0.004999999999999999,
            "min": 0.004999999999999999,
            "max": 0.004999999999999999,
            "count": 250
        },
        "NpcPlayerGp2.Policy.Beta.sum": {
            "value": 0.009999999999999998,
            "min": 0.004999999999999999,
            "max": 0.009999999999999998,
            "count": 250
        }
    },
    "metadata": {
        "timer_format_version": "0.1.0",
        "start_time_seconds": "1723871756",
        "python_version": "3.10.12 (main, Jul  5 2023, 15:34:07) [Clang 14.0.6 ]",
        "command_line_arguments": "/Users/admin/opt/anaconda3/envs/mlagents/bin/mlagents-learn config/tictactoe_gp2_v1.yaml --env=/Users/admin/Desktop/TicTacToe_TrainGp2_v2.app --run-id=TicTacToe_Gp2_v2_3 --initialize-from=/Users/admin/Desktop/GameProjects/GameDev_Nanyka/2D_Project/results/TicTacToe_Gp2_v2_2 --no-graphic --resume",
        "mlagents_version": "1.0.0",
        "mlagents_envs_version": "1.0.0",
        "communication_protocol_version": "1.5.0",
        "pytorch_version": "2.2.2",
        "numpy_version": "1.21.2",
        "end_time_seconds": "1723873489"
    },
    "total": 1698.680938152,
    "count": 1,
    "self": 0.6841010799998912,
    "children": {
        "run_training.setup": {
            "total": 0.04452775200000758,
            "count": 1,
            "self": 0.04452775200000758
        },
        "TrainerController.start_learning": {
            "total": 1697.95230932,
            "count": 1,
            "self": 2.255832550989453,
            "children": {
                "TrainerController._reset_env": {
                    "total": 5.313507926999989,
                    "count": 26,
                    "self": 5.313507926999989
                },
                "TrainerController.advance": {
                    "total": 1690.3094780260105,
                    "count": 81582,
                    "self": 1.1063882740334066,
                    "children": {
                        "env_step": {
                            "total": 1689.2030897519771,
                            "count": 81582,
                            "self": 1238.0400651349714,
                            "children": {
                                "SubprocessEnvManager._take_step": {
                                    "total": 449.9563275309968,
                                    "count": 81582,
                                    "self": 9.248487813998736,
                                    "children": {
                                        "TorchPolicy.evaluate": {
                                            "total": 440.7078397169981,
                                            "count": 160320,
                                            "self": 440.7078397169981
                                        }
                                    }
                                },
                                "workers": {
                                    "total": 1.2066970860088446,
                                    "count": 81582,
                                    "self": 0.0,
                                    "children": {
                                        "worker_root": {
                                            "total": 1690.5797090599992,
                                            "count": 81582,