{
    "name": "root",
    "gauges": {
        "NpcPlayerGp2.Policy.Entropy.mean": {
            "value": -1.1920928244535389e-07,
            "min": -1.1920928244535389e-07,
            "max": 6.185210804687813e-05,
            "count": 1256
        },
        "NpcPlayerGp2.Policy.Entropy.sum": {
            "value": -0.00022888182138558477,
            "min": -0.0002496234665159136,
            "max": 0.12283828109502792,
            "count": 1256
        },
        "NpcPlayerGp2.Environment.EpisodeLength.mean": {
            "value": 1.5,
            "min": 1.4776119402985075,
            "max": 1.5348837209302326,
            "count": 1256
        },
        "NpcPlayerGp2.Environment.EpisodeLength.sum": {
            "value": 1152.0,
            "min": 1050.0,
            "max": 1260.0,
            "count": 1256
        },
        "NpcPlayerGp2.Self-play.ELO.mean": {
            "value": 5704.337399272557,
            "min": 5695.261926076594,
            "max": 5716.350669227348,
            "count": 1256
        },
        "NpcPlayerGp2.Self-play.ELO.sum": {
            "value": 2213282.9109177524,
            "min": 1987214.37782581,
            "max": 2387783.5142400237,
            "count": 1256
        },
        "NpcPlayerGp2.Step.mean": {
            "value": 5209998.0,
            "min": 3954999.0,
            "max": 5209998.0,
            "count": 1256
        },
        "NpcPlayerGp2.Step.sum": {
            "value": 5209998.0,
            "min": 3954999.0,
            "max": 5209998.0,
            "count": 1256
        },
        "NpcPlayerGp2.Policy.ExtrinsicValueEstimate.mean": {
            "value": 0.1928156316280365,
            "min": 0.18795745074748993,
            "max": 0.2152000516653061,
            "count": 1256
        },
        "NpcPlayerGp2.Policy.ExtrinsicValueEstimate.sum": {
            "value": 77.12625122070312,
            "min": 73.59841918945312,
            "max": 85.08234405517578,
            "count": 1256
        },
        "NpcPlayerGp2.Environment.CumulativeReward.mean": {
            "value": 0.005,
            "min": -0.022443890274314215,
            "max": 0.030303030303030304,
            "count": 1256
        },
        "NpcPlayerGp2.Environment.CumulativeReward.sum": {
            "value": 2.0,
            "min": -9.0,
            "max": 12.0,
            "count": 1256
        },
        "NpcPlayerGp2.Policy.ExtrinsicReward.mean": {
            "value": 0.005,
            "min": -0.022443890274314215,
            "max": 0.030303030303030304,
            "count": 1256
        },
        "NpcPlayerGp2.Policy.ExtrinsicReward.sum": {
            "value": 2.0,
            "min": -9.0,
            "max": 12.0,
            "count": 1256
        },
        "NpcPlayerGp2.Losses.PolicyLoss.mean": {
            "value": 0.1266316958270701,
            "min": 0.11734616059610355,
            "max": 0.16185953920441015,
            "count": 1256
        },
        "NpcPlayerGp2.Losses.PolicyLoss.sum": {
            "value": 0.1266316958270701,
            "min": 0.11734616059610355,
            "max": 0.31395938031242365,
            "count": 1256
        },
        "NpcPlayerGp2.Losses.ValueLoss.mean": {
            "value": 0.9309320183736938,
            "min": 0.8582692891359329,
            "max": 0.9451193931911673,
            "count": 1256
        },
        "NpcPlayerGp2.Losses.ValueLoss.sum": {
            "value": 0.9309320183736938,
            "min": 0.8582692891359329,
            "max": 1.8885981594877586,
            "count": 1256
        },
        "NpcPlayerGp2.Policy.LearningRate.mean": {
            "value": 0.0003,
            "min": 0.0003,
            "max": 0.0003,
            "count": 1256
        },
        "NpcPlayerGp2.Policy.LearningRate.sum": {
            "value": 0.0003,
            "min": 0.0003,
            "max": 0.0006,
            "count": 1256
        },
        "NpcPlayerGp2.Policy.Epsilon.mean": {
            "value": 0.29999999999999993,
            "min": 0.29999999999999993,
            "max": 0.29999999999999993,
            "count": 1256
        },
        "NpcPlayerGp2.Policy.Epsilon.sum": {
            "value": 0.29999999999999993,
            "min": 0.29999999999999993,
            "max": 0.5999999999999999,
            "count": 1256
        },
        "NpcPlayerGp2.Policy.Beta.mean": {
            "value": 0.004999999999999999,
            "min": 0.004999999999999999,
            "max": 0.004999999999999999,
            "count": 1256
        },
        "NpcPlayerGp2.Policy.Beta.sum": {
            "value": 0.004999999999999999,
            "min": 0.004999999999999999,
            "max": 0.009999999999999998,
            "count": 1256
        },
        "NpcPlayerGp2.IsTraining.mean": {
            "value": 1.0,
            "min": 1.0,
            "max": 1.0,
            "count": 1256
        },
        "NpcPlayerGp2.IsTraining.sum": {
            "value": 1.0,
            "min": 1.0,
            "max": 1.0,
            "count": 1256
        }
    },
    "metadata": {
        "timer_format_version": "0.1.0",
        "start_time_seconds": "1725808887",
        "python_version": "3.10.12 (main, Jul  5 2023, 15:34:07) [Clang 14.0.6 ]",
        "command_line_arguments": "/Users/admin/opt/anaconda3/envs/mlagents/bin/mlagents-learn config/tictactoe_gp2_v3.yaml --run-id=TicTacToe_Gp2_v3_2 --env=/Users/admin/Desktop/TicTacToe_TrainGp2_v3.app --no-graphics --resume",
        "mlagents_version": "1.0.0",
        "mlagents_envs_version": "1.0.0",
        "communication_protocol_version": "1.5.0",
        "pytorch_version": "2.2.2",
        "numpy_version": "1.21.2",
        "end_time_seconds": "1725816724"
    },
    "total": 7836.557112876,
    "count": 1,
    "self": 0.32536191800045344,
    "children": {
        "run_training.setup": {
            "total": 0.03756169599999737,
            "count": 1,
            "self": 0.03756169599999737
        },
        "TrainerController.start_learning": {
            "total": 7836.194189262,
            "count": 1,
            "self": 10.685319642116156,
            "children": {
                "TrainerController._reset_env": {
                    "total": 8.3070339370028,
                    "count": 127,
                    "self": 8.3070339370028
                },
                "TrainerController.advance": {
                    "total": 7817.141450396882,
                    "count": 418689,
                    "self": 5.116449096670294,
                    "children": {
                        "env_step": {
                            "total": 7812.025001300211,
                            "count": 418689,
                            "self": 6469.144517660002,
                            "children": {
                                "SubprocessEnvManager._take_step": {
                                    "total": 1336.979961301238,
                                    "count": 418689,
                                    "self": 36.781185551988756,
                                    "children": {
                                        "TorchPolicy.evaluate": {
                                            "total": 1300.1987757492493,
                                            "count": 677276,
                                            "self": 1300.1987757492493
                                        }
                                    }
                                },
                                "workers": {
                                    "total": 5.9005223389712285,
                                    "count": 418688,
                                    "self": 0.0,
                                    "children": {
                                        "worker_root": {
                                            "total": 7815.127524694781,
                                            "count": 418688,
                                            "is_parallel": true,