{
    "name": "root",
    "gauges": {
        "NpcPlayerGp2.Policy.Entropy.mean": {
            "value": 0.08814844489097595,
            "min": 2.7816260626423173e-05,
            "max": 0.3437073230743408,
            "count": 788
        },
        "NpcPlayerGp2.Policy.Entropy.sum": {
            "value": 157.6094207763672,
            "min": 0.05006926879286766,
            "max": 598.0507202148438,
            "count": 788
        },
        "NpcPlayerGp2.Environment.EpisodeLength.mean": {
            "value": 3.1055045871559632,
            "min": 1.5,
            "max": 3.502,
            "count": 788
        },
        "NpcPlayerGp2.Environment.EpisodeLength.sum": {
            "value": 1354.0,
            "min": 973.0,
            "max": 1824.0,
            "count": 788
        },
        "NpcPlayerGp2.Self-play.ELO.mean": {
            "value": 20054.484500484814,
            "min": 15467.165308423659,
            "max": 20054.484500484814,
            "count": 788
        },
        "NpcPlayerGp2.Self-play.ELO.sum": {
            "value": 4371877.62110569,
            "min": 2413052.1711724685,
            "max": 8242087.4090958405,
            "count": 788
        },
        "NpcPlayerGp2.Step.mean": {
            "value": 2999997.0,
            "min": 2212998.0,
            "max": 2999997.0,
            "count": 788
        },
        "NpcPlayerGp2.Step.sum": {
            "value": 2999997.0,
            "min": 2212998.0,
            "max": 2999997.0,
            "count": 788
        },
        "NpcPlayerGp2.Policy.ExtrinsicValueEstimate.mean": {
            "value": 0.7753281593322754,
            "min": -2.389831066131592,
            "max": 1.1663116216659546,
            "count": 788
        },
        "NpcPlayerGp2.Policy.ExtrinsicValueEstimate.sum": {
            "value": 168.2462158203125,
            "min": -776.6951293945312,
            "max": 343.3499755859375,
            "count": 788
        },
        "NpcPlayerGp2.Environment.CumulativeReward.mean": {
            "value": 0.8405529729987619,
            "min": -1.1900794112552253,
            "max": 1.115116313330887,
            "count": 788
        },
        "NpcPlayerGp2.Environment.CumulativeReward.sum": {
            "value": 182.39999514073133,
            "min": -499.6000106334686,
            "max": 361.3000074625015,
            "count": 788
        },
        "NpcPlayerGp2.Policy.ExtrinsicReward.mean": {
            "value": 0.8405529729987619,
            "min": -1.1900794112552253,
            "max": 1.115116313330887,
            "count": 788
        },
        "NpcPlayerGp2.Policy.ExtrinsicReward.sum": {
            "value": 182.39999514073133,
            "min": -499.6000106334686,
            "max": 361.3000074625015,
            "count": 788
        },
        "NpcPlayerGp2.Losses.PolicyLoss.mean": {
            "value": 0.13376043788697906,
            "min": 0.07818854698520486,
            "max": 0.38803602478167576,
            "count": 788
        },
        "NpcPlayerGp2.Losses.PolicyLoss.sum": {
            "value": 0.2675208757739581,
            "min": 0.11172448794241063,
            "max": 0.7760720495633515,
            "count": 788
        },
        "NpcPlayerGp2.Losses.ValueLoss.mean": {
            "value": 0.06499387432858075,
            "min": 6.956142011611227e-14,
            "max": 5.541464692671849,
            "count": 788
        },
        "NpcPlayerGp2.Losses.ValueLoss.sum": {
            "value": 0.1299877486571615,
            "min": 1.3912284023222453e-13,
            "max": 11.082929385343698,
            "count": 788
        },
        "NpcPlayerGp2.Policy.LearningRate.mean": {
            "value": 0.0003,
            "min": 0.0003,
            "max": 0.0003,
            "count": 788
        },
        "NpcPlayerGp2.Policy.LearningRate.sum": {
            "value": 0.0006,
            "min": 0.0003,
            "max": 0.0006,
            "count": 788
        },
        "NpcPlayerGp2.Policy.Epsilon.mean": {
            "value": 0.29999999999999993,
            "min": 0.29999999999999993,
            "max": 0.29999999999999993,
            "count": 788
        },
        "NpcPlayerGp2.Policy.Epsilon.sum": {
            "value": 0.5999999999999999,
            "min": 0.29999999999999993,
            "max": 0.5999999999999999,
            "count": 788
        },
        "NpcPlayerGp2.Policy.Beta.mean": {
            "value": 0.004999999999999999,
            "min": 0.004999999999999999,
            "max": 0.004999999999999999,
            "count": 788
        },
        "NpcPlayerGp2.Policy.Beta.sum": {
            "value": 0.009999999999999998,
            "min": 0.004999999999999999,
            "max": 0.009999999999999998,
            "count": 788
        },
        "NpcPlayerGp2.IsTraining.mean": {
            "value": 1.0,
            "min": 1.0,
            "max": 1.0,
            "count": 788
        },
        "NpcPlayerGp2.IsTraining.sum": {
            "value": 1.0,
            "min": 1.0,
            "max": 1.0,
            "count": 788
        }
    },
    "metadata": {
        "timer_format_version": "0.1.0",
        "start_time_seconds": "1725246903",
        "python_version": "3.10.12 (main, Jul  5 2023, 15:34:07) [Clang 14.0.6 ]",
        "command_line_arguments": "/Users/admin/opt/anaconda3/envs/mlagents/bin/mlagents-learn config/tictactoe_gp2.yaml --run-id=TicTacToe_Gp2_v2_6 --env=/Users/admin/Desktop/TicTacToe_TrainGp2_v2.app --no-graphic --resume",
        "mlagents_version": "1.0.0",
        "mlagents_envs_version": "1.0.0",
        "communication_protocol_version": "1.5.0",
        "pytorch_version": "2.2.2",
        "numpy_version": "1.21.2",
        "end_time_seconds": "1725251299"
    },
    "total": 4396.839496496,
    "count": 1,
    "self": 0.37520662299994,
    "children": {
        "run_training.setup": {
            "total": 0.04224558599999284,
            "count": 1,
            "self": 0.04224558599999284
        },
        "TrainerController.start_learning": {
            "total": 4396.422044287,
            "count": 1,
            "self": 6.340565630137462,
            "children": {
                "TrainerController._reset_env": {
                    "total": 10.351991378999287,
                    "count": 80,
                    "self": 10.351991378999287
                },
                "TrainerController.advance": {
                    "total": 4379.684819424863,
                    "count": 253591,
                    "self": 3.0411599288881916,
                    "children": {
                        "env_step": {
                            "total": 4376.643659495975,
                            "count": 253591,
                            "self": 3437.2877898251654,
                            "children": {
                                "SubprocessEnvManager._take_step": {
                                    "total": 935.874074666893,
                                    "count": 253591,
                                    "self": 25.10149430774925,
                                    "children": {
                                        "TorchPolicy.evaluate": {
                                            "total": 910.7725803591437,
                                            "count": 494890,
                                            "self": 910.7725803591437
                                        }
                                    }
                                },
                                "workers": {
                                    "total": 3.4817950039165737,
                                    "count": 253591,
                                    "self": 0.0,
                                    "children": {
                                        "worker_root": {
                                            "total": 4379.595345024059,
                                            "count": 253591,