{
    "name": "root",
    "gauges": {
        "NpcPlayerGp2.Policy.Entropy.mean": {
            "value": 0.34125569462776184,
            "min": 0.10725942254066467,
            "max": 0.9233241081237793,
            "count": 1000
        },
        "NpcPlayerGp2.Policy.Entropy.sum": {
            "value": 616.3078002929688,
            "min": 189.84918212890625,
            "max": 1739.5426025390625,
            "count": 1000
        },
        "NpcPlayerGp2.Environment.EpisodeLength.mean": {
            "value": 3.248815165876777,
            "min": 1.5,
            "max": 3.5,
            "count": 1000
        },
        "NpcPlayerGp2.Environment.EpisodeLength.sum": {
            "value": 1371.0,
            "min": 950.0,
            "max": 1806.0,
            "count": 1000
        },
        "NpcPlayerGp2.Self-play.ELO.mean": {
            "value": 7335.708134534462,
            "min": 1133.7790142013673,
            "max": 7335.708134534462,
            "count": 1000
        },
        "NpcPlayerGp2.Self-play.ELO.sum": {
            "value": 1547834.4163867715,
            "min": 277204.7643913764,
            "max": 2279967.3828950906,
            "count": 1000
        },
        "NpcPlayerGp2.Step.mean": {
            "value": 999999.0,
            "min": 999.0,
            "max": 999999.0,
            "count": 1000
        },
        "NpcPlayerGp2.Step.sum": {
            "value": 999999.0,
            "min": 999.0,
            "max": 999999.0,
            "count": 1000
        },
        "NpcPlayerGp2.Policy.ExtrinsicValueEstimate.mean": {
            "value": 0.31516191363334656,
            "min": -0.9699442386627197,
            "max": 0.991729199886322,
            "count": 1000
        },
        "NpcPlayerGp2.Policy.ExtrinsicValueEstimate.sum": {
            "value": 66.49916076660156,
            "min": -443.7258605957031,
            "max": 330.2458190917969,
            "count": 1000
        },
        "NpcPlayerGp2.Environment.CumulativeReward.mean": {
            "value": 0.18009478672985782,
            "min": -0.9914346895074947,
            "max": 1.0,
            "count": 1000
        },
        "NpcPlayerGp2.Environment.CumulativeReward.sum": {
            "value": 38.0,
            "min": -463.0,
            "max": 333.0,
            "count": 1000
        },
        "NpcPlayerGp2.Policy.ExtrinsicReward.mean": {
            "value": 0.18009478672985782,
            "min": -0.9914346895074947,
            "max": 1.0,
            "count": 1000
        },
        "NpcPlayerGp2.Policy.ExtrinsicReward.sum": {
            "value": 38.0,
            "min": -463.0,
            "max": 333.0,
            "count": 1000
        },
        "NpcPlayerGp2.Losses.PolicyLoss.mean": {
            "value": 0.13079283625536064,
            "min": 0.10568714715606932,
            "max": 0.15491206836304627,
            "count": 1000
        },
        "NpcPlayerGp2.Losses.PolicyLoss.sum": {
            "value": 0.2615856725107213,
            "min": 0.11398064793320373,
            "max": 0.30982413672609255,
            "count": 1000
        },
        "NpcPlayerGp2.Losses.ValueLoss.mean": {
            "value": 0.052862526841181534,
            "min": 5.901774652678731e-05,
            "max": 0.3348509618746383,
            "count": 1000
        },
        "NpcPlayerGp2.Losses.ValueLoss.sum": {
            "value": 0.10572505368236307,
            "min": 5.901774652678731e-05,
            "max": 0.6475527516034032,
            "count": 1000
        },
        "NpcPlayerGp2.Policy.LearningRate.mean": {
            "value": 0.0003,
            "min": 0.0003,
            "max": 0.0003,
            "count": 1000
        },
        "NpcPlayerGp2.Policy.LearningRate.sum": {
            "value": 0.0006,
            "min": 0.0003,
            "max": 0.0006,
            "count": 1000
        },
        "NpcPlayerGp2.Policy.Epsilon.mean": {
            "value": 0.29999999999999993,
            "min": 0.29999999999999993,
            "max": 0.29999999999999993,
            "count": 1000
        },
        "NpcPlayerGp2.Policy.Epsilon.sum": {
            "value": 0.5999999999999999,
            "min": 0.29999999999999993,
            "max": 0.5999999999999999,
            "count": 1000
        },
        "NpcPlayerGp2.Policy.Beta.mean": {
            "value": 0.004999999999999999,
            "min": 0.004999999999999999,
            "max": 0.004999999999999999,
            "count": 1000
        },
        "NpcPlayerGp2.Policy.Beta.sum": {
            "value": 0.009999999999999998,
            "min": 0.004999999999999999,
            "max": 0.009999999999999998,
            "count": 1000
        },
        "NpcPlayerGp2.IsTraining.mean": {
            "value": 1.0,
            "min": 1.0,
            "max": 1.0,
            "count": 1000
        },
        "NpcPlayerGp2.IsTraining.sum": {
            "value": 1.0,
            "min": 1.0,
            "max": 1.0,
            "count": 1000
        }
    },
    "metadata": {
        "timer_format_version": "0.1.0",
        "start_time_seconds": "1723780674",
        "python_version": "3.10.12 (main, Jul  5 2023, 15:34:07) [Clang 14.0.6 ]",
        "command_line_arguments": "/Users/admin/opt/anaconda3/envs/mlagents/bin/mlagents-learn config/tictactoe_gp2_v1.yaml --env=/Users/admin/Desktop/TicTacToe_TrainGp2.app --run-id=TicTacToe_Gp2_v1_2 --initialize-from=/Users/admin/Desktop/GameProjects/GameDev_Nanyka/2D_Project/results/TicTacToe_Gp2_v1 --no-graphic",
        "mlagents_version": "1.0.0",
        "mlagents_envs_version": "1.0.0",
        "communication_protocol_version": "1.5.0",
        "pytorch_version": "2.2.2",
        "numpy_version": "1.21.2",
        "end_time_seconds": "1723787753"
    },
    "total": 7079.632025172999,
    "count": 1,
    "self": 0.3798641529992892,
    "children": {
        "run_training.setup": {
            "total": 0.03984451399992395,
            "count": 1,
            "self": 0.03984451399992395
        },
        "TrainerController.start_learning": {
            "total": 7079.212316506,
            "count": 1,
            "self": 8.532055130568551,
            "children": {
                "TrainerController._reset_env": {
                    "total": 5.928493096005695,
                    "count": 100,
                    "self": 5.928493096005695
                },
                "TrainerController.advance": {
                    "total": 7064.688298648427,
                    "count": 320835,
                    "self": 3.9726267016130805,
                    "children": {
                        "env_step": {
                            "total": 7060.715671946814,
                            "count": 320835,
                            "self": 5406.914234120762,
                            "children": {
                                "SubprocessEnvManager._take_step": {
                                    "total": 1648.9819098595372,
                                    "count": 320835,
                                    "self": 36.237347933528326,
                                    "children": {
                                        "TorchPolicy.evaluate": {
                                            "total": 1612.7445619260088,
                                            "count": 630514,
                                            "self": 1612.7445619260088
                                        }
                                    }
                                },
                                "workers": {
                                    "total": 4.819527966515125,
                                    "count": 320835,
                                    "self": 0.0,
                                    "children": {
                                        "worker_root": {
                                            "total": 7062.548438379073,
                                            "count": 320835,