{
    "name": "root",
    "gauges": {
        "NpcPlayer.Policy.Entropy.mean": {
            "value": 0.17269404232501984,
            "min": 0.0379854291677475,
            "max": 0.5039299130439758,
            "count": 334
        },
        "NpcPlayer.Policy.Entropy.sum": {
            "value": 265.776123046875,
            "min": 83.68190002441406,
            "max": 1008.7691650390625,
            "count": 334
        },
        "NpcPlayer.Environment.EpisodeLength.mean": {
            "value": 3.491329479768786,
            "min": 3.2489177489177488,
            "max": 4.165876777251185,
            "count": 334
        },
        "NpcPlayer.Environment.EpisodeLength.sum": {
            "value": 1208.0,
            "min": 723.0,
            "max": 1953.0,
            "count": 334
        },
        "NpcPlayer.Self-play.ELO.mean": {
            "value": 1663.8818471819839,
            "min": 1623.757641189862,
            "max": 1674.4035907550108,
            "count": 334
        },
        "NpcPlayer.Self-play.ELO.sum": {
            "value": 287851.5595624832,
            "min": 152789.45614759217,
            "max": 427100.01815051073,
            "count": 334
        },
        "NpcPlayer.Step.mean": {
            "value": 499994.0,
            "min": 166993.0,
            "max": 499994.0,
            "count": 334
        },
        "NpcPlayer.Step.sum": {
            "value": 499994.0,
            "min": 166993.0,
            "max": 499994.0,
            "count": 334
        },
        "NpcPlayer.Policy.ExtrinsicValueEstimate.mean": {
            "value": 0.00019858311861753464,
            "min": -0.00889329332858324,
            "max": 0.2364552766084671,
            "count": 334
        },
        "NpcPlayer.Policy.ExtrinsicValueEstimate.sum": {
            "value": 0.03415629640221596,
            "min": -1.965417742729187,
            "max": 51.0743408203125,
            "count": 334
        },
        "NpcPlayer.Environment.CumulativeReward.mean": {
            "value": 0.0,
            "min": -0.013636363636363636,
            "max": 0.19444444444444445,
            "count": 334
        },
        "NpcPlayer.Environment.CumulativeReward.sum": {
            "value": 0.0,
            "min": -3.0,
            "max": 42.0,
            "count": 334
        },
        "NpcPlayer.Policy.ExtrinsicReward.mean": {
            "value": 0.0,
            "min": -0.013636363636363636,
            "max": 0.19444444444444445,
            "count": 334
        },
        "NpcPlayer.Policy.ExtrinsicReward.sum": {
            "value": 0.0,
            "min": -3.0,
            "max": 42.0,
            "count": 334
        },
        "NpcPlayer.IsTraining.mean": {
            "value": 1.0,
            "min": 1.0,
            "max": 1.0,
            "count": 334
        },
        "NpcPlayer.IsTraining.sum": {
            "value": 1.0,
            "min": 1.0,
            "max": 1.0,
            "count": 334
        },
        "NpcPlayer.Losses.PolicyLoss.mean": {
            "value": 0.14210213849478998,
            "min": 0.09406066244784078,
            "max": 0.16701661309759533,
            "count": 333
        },
        "NpcPlayer.Losses.PolicyLoss.sum": {
            "value": 0.28420427698957995,
            "min": 0.10284708292290036,
            "max": 0.3097492301271164,
            "count": 333
        },
        "NpcPlayer.Losses.ValueLoss.mean": {
            "value": 2.938068586130771e-06,
            "min": 4.5649854118437905e-10,
            "max": 0.08525349192288038,
            "count": 333
        },
        "NpcPlayer.Losses.ValueLoss.sum": {
            "value": 5.876137172261542e-06,
            "min": 9.129970823687581e-10,
            "max": 0.17050698384576077,
            "count": 333
        },
        "NpcPlayer.Policy.LearningRate.mean": {
            "value": 0.0003,
            "min": 0.0003,
            "max": 0.0003,
            "count": 333
        },
        "NpcPlayer.Policy.LearningRate.sum": {
            "value": 0.0006,
            "min": 0.0003,
            "max": 0.0006,
            "count": 333
        },
        "NpcPlayer.Policy.Epsilon.mean": {
            "value": 0.29999999999999993,
            "min": 0.29999999999999993,
            "max": 0.29999999999999993,
            "count": 333
        },
        "NpcPlayer.Policy.Epsilon.sum": {
            "value": 0.5999999999999999,
            "min": 0.29999999999999993,
            "max": 0.5999999999999999,
            "count": 333
        },
        "NpcPlayer.Policy.Beta.mean": {
            "value": 0.004999999999999999,
            "min": 0.004999999999999999,
            "max": 0.004999999999999999,
            "count": 333
        },
        "NpcPlayer.Policy.Beta.sum": {
            "value": 0.009999999999999998,
            "min": 0.004999999999999999,
            "max": 0.009999999999999998,
            "count": 333
        }
    },
    "metadata": {
        "timer_format_version": "0.1.0",
        "start_time_seconds": "1723476256",
        "python_version": "3.10.12 (main, Jul  5 2023, 15:34:07) [Clang 14.0.6 ]",
        "command_line_arguments": "/Users/admin/opt/anaconda3/envs/mlagents/bin/mlagents-learn config/tictactoe_v3.yaml --run-id=TicTacToe_v5 --resume",
        "mlagents_version": "1.0.0",
        "mlagents_envs_version": "1.0.0",
        "communication_protocol_version": "1.5.0",
        "pytorch_version": "2.2.2",
        "numpy_version": "1.21.2",
        "end_time_seconds": "1723477577"
    },
    "total": 1320.5194716240003,
    "count": 1,
    "self": 0.006590172000869643,
    "children": {
        "run_training.setup": {
            "total": 0.03599532599946542,
            "count": 1,
            "self": 0.03599532599946542
        },
        "TrainerController.start_learning": {
            "total": 1320.476886126,
            "count": 1,
            "self": 2.1639034716845345,
            "children": {
                "TrainerController._reset_env": {
                    "total": 12.109234065002966,
                    "count": 35,
                    "self": 12.109234065002966
                },
                "TrainerController.advance": {
                    "total": 1306.173531806313,
                    "count": 105471,
                    "self": 1.0084356809511519,
                    "children": {
                        "env_step": {
                            "total": 1305.1650961253617,
                            "count": 105471,
                            "self": 986.9024611064306,
                            "children": {
                                "SubprocessEnvManager._take_step": {
                                    "total": 317.09987829312195,
                                    "count": 105471,
                                    "self": 8.72770528118781,
                                    "children": {
                                        "TorchPolicy.evaluate": {
                                            "total": 308.37217301193414,
                                            "count": 208426,
                                            "self": 308.37217301193414
                                        }
                                    }
                                },
                                "workers": {
                                    "total": 1.1627567258092313,
                                    "count": 105471,
                                    "self": 0.0,
                                    "children": {
                                        "worker_root": {
                                            "total": 1306.681202311982,
                                            "count": 105471,
                                            "is_parallel": true,
                                            "self": 655.8452449046872,