{
    "name": "root",
    "gauges": {
        "NpcPlayerGp2.Policy.Entropy.mean": {
            "value": 0.006377798039466143,
            "min": 3.339857721584849e-05,
            "max": 0.3948950469493866,
            "count": 2596
        },
        "NpcPlayerGp2.Policy.Entropy.sum": {
            "value": 14.311779022216797,
            "min": 0.06214740127325058,
            "max": 720.144775390625,
            "count": 2596
        },
        "NpcPlayerGp2.Environment.EpisodeLength.mean": {
            "value": 3.5,
            "min": 1.5,
            "max": 3.5013850415512464,
            "count": 2596
        },
        "NpcPlayerGp2.Environment.EpisodeLength.sum": {
            "value": 1743.0,
            "min": 447.0,
            "max": 1848.0,
            "count": 2596
        },
        "NpcPlayerGp2.Self-play.ELO.mean": {
            "value": 22680.627743131194,
            "min": 4767.513863519905,
            "max": 22680.627743131194,
            "count": 2596
        },
        "NpcPlayerGp2.Self-play.ELO.sum": {
            "value": 5647476.308039667,
            "min": 467216.35862495063,
            "max": 10519195.376003135,
            "count": 2596
        },
        "NpcPlayerGp2.Step.mean": {
            "value": 2999998.0,
            "min": 404996.0,
            "max": 2999998.0,
            "count": 2596
        },
        "NpcPlayerGp2.Step.sum": {
            "value": 2999998.0,
            "min": 404996.0,
            "max": 2999998.0,
            "count": 2596
        },
        "NpcPlayerGp2.Policy.ExtrinsicValueEstimate.mean": {
            "value": 0.1459333747625351,
            "min": -1.1430915594100952,
            "max": 2.2038700580596924,
            "count": 2596
        },
        "NpcPlayerGp2.Policy.ExtrinsicValueEstimate.sum": {
            "value": 36.48334503173828,
            "min": -495.31024169921875,
            "max": 533.3365478515625,
            "count": 2596
        },
        "NpcPlayerGp2.Environment.CumulativeReward.mean": {
            "value": 0.0008000000119209289,
            "min": -1.1186747270894337,
            "max": 1.2000000476837158,
            "count": 2596
        },
        "NpcPlayerGp2.Environment.CumulativeReward.sum": {
            "value": 0.20000000298023224,
            "min": -500.0,
            "max": 400.8000159263611,
            "count": 2596
        },
        "NpcPlayerGp2.Policy.ExtrinsicReward.mean": {
            "value": 0.0008000000119209289,
            "min": -1.1186747270894337,
            "max": 1.2000000476837158,
            "count": 2596
        },
        "NpcPlayerGp2.Policy.ExtrinsicReward.sum": {
            "value": 0.20000000298023224,
            "min": -500.0,
            "max": 400.8000159263611,
            "count": 2596
        },
        "NpcPlayerGp2.IsTraining.mean": {
            "value": 1.0,
            "min": 1.0,
            "max": 1.0,
            "count": 2596
        },
        "NpcPlayerGp2.IsTraining.sum": {
            "value": 1.0,
            "min": 1.0,
            "max": 1.0,
            "count": 2596
        },
        "NpcPlayerGp2.Losses.PolicyLoss.mean": {
            "value": 0.15391367379093676,
            "min": 0.06688391318311915,
            "max": 0.6224257127115769,
            "count": 2595
        },
        "NpcPlayerGp2.Losses.PolicyLoss.sum": {
            "value": 0.3078273475818735,
            "min": 0.06688391318311915,
            "max": 0.7463385920106832,
            "count": 2595
        },
        "NpcPlayerGp2.Losses.ValueLoss.mean": {
            "value": 0.014132343025981493,
            "min": 3.70373699724263e-14,
            "max": 2.35340894685526,
            "count": 2595
        },
        "NpcPlayerGp2.Losses.ValueLoss.sum": {
            "value": 0.028264686051962987,
            "min": 7.40747399448526e-14,
            "max": 4.70681789371052,
            "count": 2595
        },
        "NpcPlayerGp2.Policy.LearningRate.mean": {
            "value": 0.0003,
            "min": 0.0003,
            "max": 0.0003,
            "count": 2595
        },
        "NpcPlayerGp2.Policy.LearningRate.sum": {
            "value": 0.0006,
            "min": 0.0003,
            "max": 0.0006,
            "count": 2595
        },
        "NpcPlayerGp2.Policy.Epsilon.mean": {
            "value": 0.29999999999999993,
            "min": 0.29999999999999993,
            "max": 0.29999999999999993,
            "count": 2595
        },
        "NpcPlayerGp2.Policy.Epsilon.sum": {
            "value": 0.5999999999999999,
            "min": 0.29999999999999993,
            "max": 0.5999999999999999,
            "count": 2595
        },
        "NpcPlayerGp2.Policy.Beta.mean": {
            "value": 0.004999999999999999,
            "min": 0.004999999999999999,
            "max": 0.004999999999999999,
            "count": 2595
        },
        "NpcPlayerGp2.Policy.Beta.sum": {
            "value": 0.009999999999999998,
            "min": 0.004999999999999999,
            "max": 0.009999999999999998,
            "count": 2595
        }
    },
    "metadata": {
        "timer_format_version": "0.1.0",
        "start_time_seconds": "1725116168",
        "python_version": "3.10.12 (main, Jul  5 2023, 15:34:07) [Clang 14.0.6 ]",
        "command_line_arguments": "/Users/admin/opt/anaconda3/envs/mlagents/bin/mlagents-learn config/tictactoe_gp2.yaml --run-id=TicTacToe_Gp2_v2_4 --env=/Users/admin/Desktop/TicTacToe_TrainGp2_v2.app --no-graphic --resume",
        "mlagents_version": "1.0.0",
        "mlagents_envs_version": "1.0.0",
        "communication_protocol_version": "1.5.0",
        "pytorch_version": "2.2.2",
        "numpy_version": "1.21.2",
        "end_time_seconds": "1725131960"
    },
    "total": 15792.995760493,
    "count": 1,
    "self": 0.44227314300042053,
    "children": {
        "run_training.setup": {
            "total": 0.04735465199999567,
            "count": 1,
            "self": 0.04735465199999567
        },
        "TrainerController.start_learning": {
            "total": 15792.506132698,
            "count": 1,
            "self": 21.522020533542673,
            "children": {
                "TrainerController._reset_env": {
                    "total": 12.13915134199344,
                    "count": 261,
                    "self": 12.13915134199344
                },
                "TrainerController.advance": {
                    "total": 15758.798339613464,
                    "count": 828185,
                    "self": 10.154127397086995,
                    "children": {
                        "env_step": {
                            "total": 15748.644212216377,
                            "count": 828185,
                            "self": 12377.986698444804,
                            "children": {
                                "SubprocessEnvManager._take_step": {
                                    "total": 3358.9608061058116,
                                    "count": 828185,
                                    "self": 93.24603001603282,
                                    "children": {
                                        "TorchPolicy.evaluate": {
                                            "total": 3265.7147760897788,
                                            "count": 1624477,
                                            "self": 3265.7147760897788
                                        }
                                    }
                                },
                                "workers": {
                                    "total": 11.69670766576182,
                                    "count": 828185,
                                    "self": 0.0,
                                    "children": {
                                        "worker_root": {
                                            "total": 15753.594337272654,
                                            "count": 828185,