{
    "name": "root",
    "gauges": {
        "NpcPlayerGp2.Policy.Entropy.mean": {
            "value": 0.5497803092002869,
            "min": 0.014655758626759052,
            "max": 0.7274324893951416,
            "count": 765
        },
        "NpcPlayerGp2.Policy.Entropy.sum": {
            "value": 1128.149169921875,
            "min": 34.11860656738281,
            "max": 1417.7886962890625,
            "count": 765
        },
        "NpcPlayerGp2.Environment.EpisodeLength.mean": {
            "value": 3.313025210084034,
            "min": 1.5088757396449703,
            "max": 3.495967741935484,
            "count": 765
        },
        "NpcPlayerGp2.Environment.EpisodeLength.sum": {
            "value": 1577.0,
            "min": 1005.0,
            "max": 1803.0,
            "count": 765
        },
        "NpcPlayerGp2.Self-play.ELO.mean": {
            "value": 11969.121097454186,
            "min": 9353.067786465454,
            "max": 11997.18459553036,
            "count": 765
        },
        "NpcPlayerGp2.Self-play.ELO.sum": {
            "value": 2848650.8211940965,
            "min": 1469259.1069465335,
            "max": 4475898.5546710305,
            "count": 765
        },
        "NpcPlayerGp2.Step.mean": {
            "value": 2999998.0,
            "min": 2235996.0,
            "max": 2999998.0,
            "count": 765
        },
        "NpcPlayerGp2.Step.sum": {
            "value": 2999998.0,
            "min": 2235996.0,
            "max": 2999998.0,
            "count": 765
        },
        "NpcPlayerGp2.Policy.ExtrinsicValueEstimate.mean": {
            "value": 0.11924538761377335,
            "min": -0.9295773506164551,
            "max": 0.989159345626831,
            "count": 765
        },
        "NpcPlayerGp2.Policy.ExtrinsicValueEstimate.sum": {
            "value": 28.380401611328125,
            "min": -321.6337585449219,
            "max": 326.736572265625,
            "count": 765
        },
        "NpcPlayerGp2.Environment.CumulativeReward.mean": {
            "value": 0.025210084033613446,
            "min": -0.9819121447028424,
            "max": 1.0,
            "count": 765
        },
        "NpcPlayerGp2.Environment.CumulativeReward.sum": {
            "value": 6.0,
            "min": -380.0,
            "max": 328.0,
            "count": 765
        },
        "NpcPlayerGp2.Policy.ExtrinsicReward.mean": {
            "value": 0.025210084033613446,
            "min": -0.9819121447028424,
            "max": 1.0,
            "count": 765
        },
        "NpcPlayerGp2.Policy.ExtrinsicReward.sum": {
            "value": 6.0,
            "min": -380.0,
            "max": 328.0,
            "count": 765
        },
        "NpcPlayerGp2.Losses.PolicyLoss.mean": {
            "value": 0.1344672236757885,
            "min": 0.09792077063268931,
            "max": 0.17309232201244285,
            "count": 765
        },
        "NpcPlayerGp2.Losses.PolicyLoss.sum": {
            "value": 0.268934447351577,
            "min": 0.11682773072971031,
            "max": 0.3461846440248857,
            "count": 765
        },
        "NpcPlayerGp2.Losses.ValueLoss.mean": {
            "value": 0.09010812154156156,
            "min": 1.1654382462712088e-10,
            "max": 0.23168690893076668,
            "count": 765
        },
        "NpcPlayerGp2.Losses.ValueLoss.sum": {
            "value": 0.18021624308312312,
            "min": 2.3308764925424177e-10,
            "max": 0.46337381786153337,
            "count": 765
        },
        "NpcPlayerGp2.Policy.LearningRate.mean": {
            "value": 0.0003,
            "min": 0.0003,
            "max": 0.0003,
            "count": 765
        },
        "NpcPlayerGp2.Policy.LearningRate.sum": {
            "value": 0.0006,
            "min": 0.0003,
            "max": 0.0006,
            "count": 765
        },
        "NpcPlayerGp2.Policy.Epsilon.mean": {
            "value": 0.29999999999999993,
            "min": 0.29999999999999993,
            "max": 0.29999999999999993,
            "count": 765
        },
        "NpcPlayerGp2.Policy.Epsilon.sum": {
            "value": 0.5999999999999999,
            "min": 0.29999999999999993,
            "max": 0.5999999999999999,
            "count": 765
        },
        "NpcPlayerGp2.Policy.Beta.mean": {
            "value": 0.004999999999999999,
            "min": 0.004999999999999999,
            "max": 0.004999999999999999,
            "count": 765
        },
        "NpcPlayerGp2.Policy.Beta.sum": {
            "value": 0.009999999999999998,
            "min": 0.004999999999999999,
            "max": 0.009999999999999998,
            "count": 765
        },
        "NpcPlayerGp2.IsTraining.mean": {
            "value": 1.0,
            "min": 1.0,
            "max": 1.0,
            "count": 765
        },
        "NpcPlayerGp2.IsTraining.sum": {
            "value": 1.0,
            "min": 1.0,
            "max": 1.0,
            "count": 765
        }
    },
    "metadata": {
        "timer_format_version": "0.1.0",
        "start_time_seconds": "1723898011",
        "python_version": "3.10.12 (main, Jul  5 2023, 15:34:07) [Clang 14.0.6 ]",
        "command_line_arguments": "/Users/admin/opt/anaconda3/envs/mlagents/bin/mlagents-learn config/tictactoe_gp2.yaml --env=/Users/admin/Desktop/TicTacToe_TrainGp2_v2.app --run-id=TicTacToe_Gp2_v2_4 --initialize-from=/Users/admin/Desktop/GameProjects/GameDev_Nanyka/2D_Project/results/TicTacToe_Gp2_v2_3 --no-graphic --resume",
        "mlagents_version": "1.0.0",
        "mlagents_envs_version": "1.0.0",
        "communication_protocol_version": "1.5.0",
        "pytorch_version": "2.2.2",
        "numpy_version": "1.21.2",
        "end_time_seconds": "1723903109"
    },
    "total": 5097.573776979,
    "count": 1,
    "self": 0.5021909000006417,
    "children": {
        "run_training.setup": {
            "total": 0.049696045000018785,
            "count": 1,
            "self": 0.049696045000018785
        },
        "TrainerController.start_learning": {
            "total": 5097.021890034,
            "count": 1,
            "self": 6.978916268980356,
            "children": {
                "TrainerController._reset_env": {
                    "total": 5.9712639839994495,
                    "count": 78,
                    "self": 5.9712639839994495
                },
                "TrainerController.advance": {
                    "total": 5084.00575503602,
                    "count": 251048,
                    "self": 3.261392962807804,
                    "children": {
                        "env_step": {
                            "total": 5080.744362073212,
                            "count": 251048,
                            "self": 3757.214482816108,
                            "children": {
                                "SubprocessEnvManager._take_step": {
                                    "total": 1319.8404893531379,
                                    "count": 251048,
                                    "self": 29.525854628111574,
                                    "children": {
                                        "TorchPolicy.evaluate": {
                                            "total": 1290.3146347250263,
                                            "count": 494341,
                                            "self": 1290.3146347250263
                                        }
                                    }
                                },
                                "workers": {
                                    "total": 3.689389903965889,
                                    "count": 251048,
                                    "self": 0.0,
                                    "children": {
                                        "worker_root": {
                                            "total": 5083.579260531921,
                                            "count": 251048,