{
    "name": "root",
    "gauges": {
        "NpcPlayerGp2.Policy.Entropy.mean": {
            "value": 0.6520069241523743,
            "min": 0.1753380447626114,
            "max": 2.7836217880249023,
            "count": 1000
        },
        "NpcPlayerGp2.Policy.Entropy.sum": {
            "value": 1154.05224609375,
            "min": 329.1742858886719,
            "max": 5628.4833984375,
            "count": 1000
        },
        "NpcPlayerGp2.Environment.EpisodeLength.mean": {
            "value": 2.2936802973977697,
            "min": 1.5091185410334347,
            "max": 3.496,
            "count": 1000
        },
        "NpcPlayerGp2.Environment.EpisodeLength.sum": {
            "value": 1234.0,
            "min": 987.0,
            "max": 1817.0,
            "count": 1000
        },
        "NpcPlayerGp2.Self-play.ELO.mean": {
            "value": 8496.585901033981,
            "min": 1190.2155081508672,
            "max": 8872.371704275241,
            "count": 1000
        },
        "NpcPlayerGp2.Self-play.ELO.sum": {
            "value": 2285581.607378141,
            "min": 339224.4728598114,
            "max": 3432923.743399348,
            "count": 1000
        },
        "NpcPlayerGp2.Step.mean": {
            "value": 999997.0,
            "min": 996.0,
            "max": 999997.0,
            "count": 1000
        },
        "NpcPlayerGp2.Step.sum": {
            "value": 999997.0,
            "min": 996.0,
            "max": 999997.0,
            "count": 1000
        },
        "NpcPlayerGp2.Policy.ExtrinsicValueEstimate.mean": {
            "value": 0.7337806224822998,
            "min": -1.0075827836990356,
            "max": 0.9888766407966614,
            "count": 1000
        },
        "NpcPlayerGp2.Policy.ExtrinsicValueEstimate.sum": {
            "value": 197.38699340820312,
            "min": -386.9761962890625,
            "max": 323.4486083984375,
            "count": 1000
        },
        "NpcPlayerGp2.Environment.CumulativeReward.mean": {
            "value": 0.7881040892193308,
            "min": -1.0,
            "max": 1.0,
            "count": 1000
        },
        "NpcPlayerGp2.Environment.CumulativeReward.sum": {
            "value": 212.0,
            "min": -418.0,
            "max": 331.0,
            "count": 1000
        },
        "NpcPlayerGp2.Policy.ExtrinsicReward.mean": {
            "value": 0.7881040892193308,
            "min": -1.0,
            "max": 1.0,
            "count": 1000
        },
        "NpcPlayerGp2.Policy.ExtrinsicReward.sum": {
            "value": 212.0,
            "min": -418.0,
            "max": 331.0,
            "count": 1000
        },
        "NpcPlayerGp2.Losses.PolicyLoss.mean": {
            "value": 0.13992268430800842,
            "min": 0.10641213542320266,
            "max": 0.1626160609760388,
            "count": 1000
        },
        "NpcPlayerGp2.Losses.PolicyLoss.sum": {
            "value": 0.27984536861601683,
            "min": 0.11165017925460623,
            "max": 0.3252321219520776,
            "count": 1000
        },
        "NpcPlayerGp2.Losses.ValueLoss.mean": {
            "value": 0.10655195651426247,
            "min": 3.19511960422046e-05,
            "max": 0.5980731121131352,
            "count": 1000
        },
        "NpcPlayerGp2.Losses.ValueLoss.sum": {
            "value": 0.21310391302852494,
            "min": 6.39023920844092e-05,
            "max": 1.1961462242262704,
            "count": 1000
        },
        "NpcPlayerGp2.Policy.LearningRate.mean": {
            "value": 0.0003,
            "min": 0.0003,
            "max": 0.0003,
            "count": 1000
        },
        "NpcPlayerGp2.Policy.LearningRate.sum": {
            "value": 0.0006,
            "min": 0.0003,
            "max": 0.0006,
            "count": 1000
        },
        "NpcPlayerGp2.Policy.Epsilon.mean": {
            "value": 0.29999999999999993,
            "min": 0.29999999999999993,
            "max": 0.29999999999999993,
            "count": 1000
        },
        "NpcPlayerGp2.Policy.Epsilon.sum": {
            "value": 0.5999999999999999,
            "min": 0.29999999999999993,
            "max": 0.5999999999999999,
            "count": 1000
        },
        "NpcPlayerGp2.Policy.Beta.mean": {
            "value": 0.004999999999999999,
            "min": 0.004999999999999999,
            "max": 0.004999999999999999,
            "count": 1000
        },
        "NpcPlayerGp2.Policy.Beta.sum": {
            "value": 0.009999999999999998,
            "min": 0.004999999999999999,
            "max": 0.009999999999999998,
            "count": 1000
        },
        "NpcPlayerGp2.IsTraining.mean": {
            "value": 1.0,
            "min": 1.0,
            "max": 1.0,
            "count": 1000
        },
        "NpcPlayerGp2.IsTraining.sum": {
            "value": 1.0,
            "min": 1.0,
            "max": 1.0,
            "count": 1000
        }
    },
    "metadata": {
        "timer_format_version": "0.1.0",
        "start_time_seconds": "1723795491",
        "python_version": "3.10.12 (main, Jul  5 2023, 15:34:07) [Clang 14.0.6 ]",
        "command_line_arguments": "/Users/admin/opt/anaconda3/envs/mlagents/bin/mlagents-learn config/tictactoe_gp2_v1.yaml --env=/Users/admin/Desktop/TicTacToe_TrainGp2_v2.app --run-id=TicTacToe_Gp2_v2_1 --no-graphic",
        "mlagents_version": "1.0.0",
        "mlagents_envs_version": "1.0.0",
        "communication_protocol_version": "1.5.0",
        "pytorch_version": "2.2.2",
        "numpy_version": "1.21.2",
        "end_time_seconds": "1723802008"
    },
    "total": 6516.236877193001,
    "count": 1,
    "self": 0.5989649680013827,
    "children": {
        "run_training.setup": {
            "total": 0.04709481700047036,
            "count": 1,
            "self": 0.04709481700047036
        },
        "TrainerController.start_learning": {
            "total": 6515.590817408,
            "count": 1,
            "self": 9.271324171237211,
            "children": {
                "TrainerController._reset_env": {
                    "total": 9.086309224006982,
                    "count": 100,
                    "self": 9.086309224006982
                },
                "TrainerController.advance": {
                    "total": 6497.140228498756,
                    "count": 314096,
                    "self": 4.430826717223681,
                    "children": {
                        "env_step": {
                            "total": 6492.7094017815325,
                            "count": 314096,
                            "self": 4839.02332052897,
                            "children": {
                                "SubprocessEnvManager._take_step": {
                                    "total": 1648.8874829747983,
                                    "count": 314096,
                                    "self": 35.53571075891523,
                                    "children": {
                                        "TorchPolicy.evaluate": {
                                            "total": 1613.351772215883,
                                            "count": 616572,
                                            "self": 1613.351772215883
                                        }
                                    }
                                },
                                "workers": {
                                    "total": 4.79859827776454,
                                    "count": 314096,
                                    "self": 0.0,
                                    "children": {
                                        "worker_root": {
                                            "total": 6496.463350220096,
                                            "count": 314096,
                                            "is_parallel": true,
                                            "self": 3183.7847430157526,