{
    "name": "root",
    "gauges": {
        "NpcPlayerGp2.Policy.Entropy.mean": {
            "value": 0.35787850618362427,
            "min": 0.013941037468612194,
            "max": 0.7098139524459839,
            "count": 2457
        },
        "NpcPlayerGp2.Policy.Entropy.sum": {
            "value": 803.079345703125,
            "min": 28.857948303222656,
            "max": 1469.31494140625,
            "count": 2457
        },
        "NpcPlayerGp2.Environment.EpisodeLength.mean": {
            "value": 2.9752650176678443,
            "min": 1.503003003003003,
            "max": 3.5013850415512464,
            "count": 2457
        },
        "NpcPlayerGp2.Environment.EpisodeLength.sum": {
            "value": 1684.0,
            "min": 950.0,
            "max": 1779.0,
            "count": 2457
        },
        "NpcPlayerGp2.Self-play.ELO.mean": {
            "value": 9646.9374452621,
            "min": 1204.0178331759678,
            "max": 9708.59388613637,
            "count": 2457
        },
        "NpcPlayerGp2.Self-play.ELO.sum": {
            "value": 2730083.2970091742,
            "min": 279418.6625260324,
            "max": 4233512.695484706,
            "count": 2457
        },
        "NpcPlayerGp2.Step.mean": {
            "value": 2456999.0,
            "min": 999.0,
            "max": 2456999.0,
            "count": 2457
        },
        "NpcPlayerGp2.Step.sum": {
            "value": 2456999.0,
            "min": 999.0,
            "max": 2456999.0,
            "count": 2457
        },
        "NpcPlayerGp2.Policy.ExtrinsicValueEstimate.mean": {
            "value": 0.030966661870479584,
            "min": -0.993152379989624,
            "max": 0.9939695000648499,
            "count": 2457
        },
        "NpcPlayerGp2.Policy.ExtrinsicValueEstimate.sum": {
            "value": 8.51583194732666,
            "min": -418.3736572265625,
            "max": 324.5904846191406,
            "count": 2457
        },
        "NpcPlayerGp2.Environment.CumulativeReward.mean": {
            "value": 0.01818181818181818,
            "min": -1.0,
            "max": 1.0,
            "count": 2457
        },
        "NpcPlayerGp2.Environment.CumulativeReward.sum": {
            "value": 5.0,
            "min": -424.0,
            "max": 332.0,
            "count": 2457
        },
        "NpcPlayerGp2.Policy.ExtrinsicReward.mean": {
            "value": 0.01818181818181818,
            "min": -1.0,
            "max": 1.0,
            "count": 2457
        },
        "NpcPlayerGp2.Policy.ExtrinsicReward.sum": {
            "value": 5.0,
            "min": -424.0,
            "max": 332.0,
            "count": 2457
        },
        "NpcPlayerGp2.Losses.PolicyLoss.mean": {
            "value": 0.12440788133036611,
            "min": 0.09209854007557235,
            "max": 0.370767206785136,
            "count": 2457
        },
        "NpcPlayerGp2.Losses.PolicyLoss.sum": {
            "value": 0.24881576266073221,
            "min": 0.09209854007557235,
            "max": 0.4777940242451483,
            "count": 2457
        },
        "NpcPlayerGp2.Losses.ValueLoss.mean": {
            "value": 0.01620862517159237,
            "min": 1.08161417996046e-05,
            "max": 0.39060488601015614,
            "count": 2457
        },
        "NpcPlayerGp2.Losses.ValueLoss.sum": {
            "value": 0.03241725034318474,
            "min": 2.16322835992092e-05,
            "max": 0.7812097720203123,
            "count": 2457
        },
        "NpcPlayerGp2.Policy.LearningRate.mean": {
            "value": 0.0003,
            "min": 0.0003,
            "max": 0.0003,
            "count": 2457
        },
        "NpcPlayerGp2.Policy.LearningRate.sum": {
            "value": 0.0006,
            "min": 0.0003,
            "max": 0.0006,
            "count": 2457
        },
        "NpcPlayerGp2.Policy.Epsilon.mean": {
            "value": 0.29999999999999993,
            "min": 0.29999999999999993,
            "max": 0.29999999999999993,
            "count": 2457
        },
        "NpcPlayerGp2.Policy.Epsilon.sum": {
            "value": 0.5999999999999999,
            "min": 0.29999999999999993,
            "max": 0.5999999999999999,
            "count": 2457
        },
        "NpcPlayerGp2.Policy.Beta.mean": {
            "value": 0.004999999999999999,
            "min": 0.004999999999999999,
            "max": 0.004999999999999999,
            "count": 2457
        },
        "NpcPlayerGp2.Policy.Beta.sum": {
            "value": 0.009999999999999998,
            "min": 0.004999999999999999,
            "max": 0.009999999999999998,
            "count": 2457
        },
        "NpcPlayerGp2.IsTraining.mean": {
            "value": 1.0,
            "min": 1.0,
            "max": 1.0,
            "count": 2457
        },
        "NpcPlayerGp2.IsTraining.sum": {
            "value": 1.0,
            "min": 1.0,
            "max": 1.0,
            "count": 2457
        }
    },
    "metadata": {
        "timer_format_version": "0.1.0",
        "start_time_seconds": "1723905943",
        "python_version": "3.10.12 (main, Jul  5 2023, 15:34:07) [Clang 14.0.6 ]",
        "command_line_arguments": "/Users/admin/opt/anaconda3/envs/mlagents/bin/mlagents-learn config/tictactoe_gp2.yaml --env=/Users/admin/Desktop/TicTacToe_TrainGp2_v2.app --run-id=TicTacToe_Gp2_v3_1 --initialize-from=/Users/admin/Desktop/GameProjects/GameDev_Nanyka/2D_Project/results/TicTacToe_Gp2_v2_4 --no-graphic",
        "mlagents_version": "1.0.0",
        "mlagents_envs_version": "1.0.0",
        "communication_protocol_version": "1.5.0",
        "pytorch_version": "2.2.2",
        "numpy_version": "1.21.2",
        "end_time_seconds": "1723921738"
    },
    "total": 15784.708054785999,
    "count": 1,
    "self": 0.13976919399829058,
    "children": {
        "run_training.setup": {
            "total": 0.049672293000185164,
            "count": 1,
            "self": 0.049672293000185164
        },
        "TrainerController.start_learning": {
            "total": 15784.518613299,
            "count": 1,
            "self": 23.350929875485235,
            "children": {
                "TrainerController._reset_env": {
                    "total": 7.72953585297364,
                    "count": 246,
                    "self": 7.72953585297364
                },
                "TrainerController.advance": {
                    "total": 15753.366138437541,
                    "count": 803235,
                    "self": 10.734629209440754,
                    "children": {
                        "env_step": {
                            "total": 15742.6315092281,
                            "count": 803235,
                            "self": 11737.286149418725,
                            "children": {
                                "SubprocessEnvManager._take_step": {
                                    "total": 3993.389009536897,
                                    "count": 803235,
                                    "self": 87.81411470426247,
                                    "children": {
                                        "TorchPolicy.evaluate": {
                                            "total": 3905.5748948326345,
                                            "count": 1578947,
                                            "self": 3905.5748948326345
                                        }
                                    }
                                },
                                "workers": {
                                    "total": 11.95635027247772,
                                    "count": 803234,
                                    "self": 0.0,
                                    "children": {
                                        "worker_root": {
                                            "total": 15750.58286491198,
                                            "count": 803234,