{
    "name": "root",
    "gauges": {
        "NpcPlayer.Policy.Entropy.mean": {
            "value": 0.363249272108078,
            "min": 0.04007544741034508,
            "max": 0.49479374289512634,
            "count": 515
        },
        "NpcPlayer.Policy.Entropy.sum": {
            "value": 579.382568359375,
            "min": 69.41067504882812,
            "max": 1046.115234375,
            "count": 515
        },
        "NpcPlayer.Environment.EpisodeLength.mean": {
            "value": 1.5047169811320755,
            "min": 1.4,
            "max": 2.789189189189189,
            "count": 515
        },
        "NpcPlayer.Environment.EpisodeLength.sum": {
            "value": 957.0,
            "min": 140.0,
            "max": 2094.0,
            "count": 515
        },
        "NpcPlayer.Self-play.ELO.mean": {
            "value": 10466.177927757271,
            "min": 6055.096586221168,
            "max": 10466.177927757271,
            "count": 515
        },
        "NpcPlayer.Self-play.ELO.sum": {
            "value": 3349176.936882327,
            "min": 302754.8293110584,
            "max": 4581639.855169121,
            "count": 515
        },
        "NpcPlayer.Step.mean": {
            "value": 1019998.0,
            "min": 505998.0,
            "max": 1019998.0,
            "count": 515
        },
        "NpcPlayer.Step.sum": {
            "value": 1019998.0,
            "min": 505998.0,
            "max": 1019998.0,
            "count": 515
        },
        "NpcPlayer.Policy.ExtrinsicValueEstimate.mean": {
            "value": 9.618612289428711,
            "min": 0.04706253111362457,
            "max": 9.970393180847168,
            "count": 515
        },
        "NpcPlayer.Policy.ExtrinsicValueEstimate.sum": {
            "value": 3193.37939453125,
            "min": 22.05050277709961,
            "max": 3323.751220703125,
            "count": 515
        },
        "NpcPlayer.Environment.CumulativeReward.mean": {
            "value": 9.410541978227087,
            "min": 0.1070393390691305,
            "max": 10.09969119672422,
            "count": 515
        },
        "NpcPlayer.Environment.CumulativeReward.sum": {
            "value": 3124.299936771393,
            "min": 51.700000770390034,
            "max": 3370.7999362945557,
            "count": 515
        },
        "NpcPlayer.Policy.ExtrinsicReward.mean": {
            "value": 9.410541978227087,
            "min": 0.1070393390691305,
            "max": 10.09969119672422,
            "count": 515
        },
        "NpcPlayer.Policy.ExtrinsicReward.sum": {
            "value": 3124.299936771393,
            "min": 51.700000770390034,
            "max": 3370.7999362945557,
            "count": 515
        },
        "NpcPlayer.IsTraining.mean": {
            "value": 1.0,
            "min": 1.0,
            "max": 1.0,
            "count": 515
        },
        "NpcPlayer.IsTraining.sum": {
            "value": 1.0,
            "min": 1.0,
            "max": 1.0,
            "count": 515
        },
        "NpcPlayer.Losses.PolicyLoss.mean": {
            "value": 0.10878354526773494,
            "min": 0.0783026565352754,
            "max": 0.15956288226048596,
            "count": 514
        },
        "NpcPlayer.Losses.PolicyLoss.sum": {
            "value": 0.10878354526773494,
            "min": 0.08643623206964028,
            "max": 0.3191257645209719,
            "count": 514
        },
        "NpcPlayer.Losses.ValueLoss.mean": {
            "value": 0.6344358282596139,
            "min": 1.8092630386926685e-10,
            "max": 28.832973965576716,
            "count": 514
        },
        "NpcPlayer.Losses.ValueLoss.sum": {
            "value": 0.6344358282596139,
            "min": 3.618526077385337e-10,
            "max": 57.66594793115343,
            "count": 514
        },
        "NpcPlayer.Policy.LearningRate.mean": {
            "value": 0.0003,
            "min": 0.0003,
            "max": 0.0003,
            "count": 514
        },
        "NpcPlayer.Policy.LearningRate.sum": {
            "value": 0.0003,
            "min": 0.0003,
            "max": 0.0006,
            "count": 514
        },
        "NpcPlayer.Policy.Epsilon.mean": {
            "value": 0.29999999999999993,
            "min": 0.29999999999999993,
            "max": 0.29999999999999993,
            "count": 514
        },
        "NpcPlayer.Policy.Epsilon.sum": {
            "value": 0.29999999999999993,
            "min": 0.29999999999999993,
            "max": 0.5999999999999999,
            "count": 514
        },
        "NpcPlayer.Policy.Beta.mean": {
            "value": 0.004999999999999999,
            "min": 0.004999999999999999,
            "max": 0.004999999999999999,
            "count": 514
        },
        "NpcPlayer.Policy.Beta.sum": {
            "value": 0.004999999999999999,
            "min": 0.004999999999999999,
            "max": 0.009999999999999998,
            "count": 514
        }
    },
    "metadata": {
        "timer_format_version": "0.1.0",
        "start_time_seconds": "1723443107",
        "python_version": "3.10.12 (main, Jul  5 2023, 15:34:07) [Clang 14.0.6 ]",
        "command_line_arguments": "/Users/admin/opt/anaconda3/envs/mlagents/bin/mlagents-learn config/tictactoe_v2.yaml --run-id=TicTacToe_v2 --resume",
        "mlagents_version": "1.0.0",
        "mlagents_envs_version": "1.0.0",
        "communication_protocol_version": "1.5.0",
        "pytorch_version": "2.2.2",
        "numpy_version": "1.21.2",
        "end_time_seconds": "1723445153"
    },
    "total": 2046.0028353010002,
    "count": 1,
    "self": 0.005388909999965108,
    "children": {
        "run_training.setup": {
            "total": 0.03343614000004891,
            "count": 1,
            "self": 0.03343614000004891
        },
        "TrainerController.start_learning": {
            "total": 2045.9640102510002,
            "count": 1,
            "self": 2.438977674934904,
            "children": {
                "TrainerController._reset_env": {
                    "total": 9.634172500002478,
                    "count": 53,
                    "self": 9.634172500002478
                },
                "TrainerController.advance": {
                    "total": 2033.8551086250632,
                    "count": 123732,
                    "self": 1.2436768722695888,
                    "children": {
                        "env_step": {
                            "total": 2032.6114317527936,
                            "count": 123732,
                            "self": 1591.1731608907553,
                            "children": {
                                "SubprocessEnvManager._take_step": {
                                    "total": 440.0386707418761,
                                    "count": 123732,
                                    "self": 10.498669294890078,
                                    "children": {
                                        "TorchPolicy.evaluate": {
                                            "total": 429.540001446986,
                                            "count": 246413,
                                            "self": 429.540001446986
                                        }
                                    }
                                },
                                "workers": {
                                    "total": 1.3996001201621766,
                                    "count": 123731,
                                    "self": 0.0,
                                    "children": {
                                        "worker_root": {
                                            "total": 2025.044322643886,
                                            "count": 123731,
                                            "is_parallel": true,
                                            "self": 998.6451249308889,