{
    "name": "root",
    "gauges": {
        "NpcPlayerGp2.Policy.Entropy.mean": {
            "value": 0.05500148981809616,
            "min": 0.00021722129895351827,
            "max": 0.23532915115356445,
            "count": 557
        },
        "NpcPlayerGp2.Policy.Entropy.sum": {
            "value": 107.91292572021484,
            "min": 0.36362844705581665,
            "max": 506.75921630859375,
            "count": 557
        },
        "NpcPlayerGp2.Environment.EpisodeLength.mean": {
            "value": 2.2220394736842106,
            "min": 1.5,
            "max": 3.5012594458438286,
            "count": 557
        },
        "NpcPlayerGp2.Environment.EpisodeLength.sum": {
            "value": 1351.0,
            "min": 996.0,
            "max": 1806.0,
            "count": 557
        },
        "NpcPlayerGp2.Self-play.ELO.mean": {
            "value": 19118.221127875702,
            "min": 15443.27264965893,
            "max": 19495.571332451083,
            "count": 557
        },
        "NpcPlayerGp2.Self-play.ELO.sum": {
            "value": 5811939.222874213,
            "min": 2838242.615881947,
            "max": 8493626.945815042,
            "count": 557
        },
        "NpcPlayerGp2.Step.mean": {
            "value": 2999997.0,
            "min": 2443997.0,
            "max": 2999997.0,
            "count": 557
        },
        "NpcPlayerGp2.Step.sum": {
            "value": 2999997.0,
            "min": 2443997.0,
            "max": 2999997.0,
            "count": 557
        },
        "NpcPlayerGp2.Policy.ExtrinsicValueEstimate.mean": {
            "value": 0.20420265197753906,
            "min": -1.0905771255493164,
            "max": 1.6241425275802612,
            "count": 557
        },
        "NpcPlayerGp2.Policy.ExtrinsicValueEstimate.sum": {
            "value": 61.8734016418457,
            "min": -543.107421875,
            "max": 432.02191162109375,
            "count": 557
        },
        "NpcPlayerGp2.Environment.CumulativeReward.mean": {
            "value": 0.1485148514851485,
            "min": -1.0995984173204048,
            "max": 1.1955000466108323,
            "count": 557
        },
        "NpcPlayerGp2.Environment.CumulativeReward.sum": {
            "value": 45.0,
            "min": -547.6000118255615,
            "max": 367.40000796318054,
            "count": 557
        },
        "NpcPlayerGp2.Policy.ExtrinsicReward.mean": {
            "value": 0.1485148514851485,
            "min": -1.0995984173204048,
            "max": 1.1955000466108323,
            "count": 557
        },
        "NpcPlayerGp2.Policy.ExtrinsicReward.sum": {
            "value": 45.0,
            "min": -547.6000118255615,
            "max": 367.40000796318054,
            "count": 557
        },
        "NpcPlayerGp2.Losses.PolicyLoss.mean": {
            "value": 0.13587905395667932,
            "min": 0.09028033380413295,
            "max": 0.3586956910855536,
            "count": 557
        },
        "NpcPlayerGp2.Losses.PolicyLoss.sum": {
            "value": 0.27175810791335864,
            "min": 0.10511066279390693,
            "max": 0.7173913821711072,
            "count": 557
        },
        "NpcPlayerGp2.Losses.ValueLoss.mean": {
            "value": 0.3734745375030408,
            "min": 2.0920269485001443e-13,
            "max": 0.9217434588904975,
            "count": 557
        },
        "NpcPlayerGp2.Losses.ValueLoss.sum": {
            "value": 0.7469490750060817,
            "min": 2.0920269485001443e-13,
            "max": 1.843486917780995,
            "count": 557
        },
        "NpcPlayerGp2.Policy.LearningRate.mean": {
            "value": 0.0003,
            "min": 0.0003,
            "max": 0.0003,
            "count": 557
        },
        "NpcPlayerGp2.Policy.LearningRate.sum": {
            "value": 0.0006,
            "min": 0.0003,
            "max": 0.0006,
            "count": 557
        },
        "NpcPlayerGp2.Policy.Epsilon.mean": {
            "value": 0.29999999999999993,
            "min": 0.29999999999999993,
            "max": 0.29999999999999993,
            "count": 557
        },
        "NpcPlayerGp2.Policy.Epsilon.sum": {
            "value": 0.5999999999999999,
            "min": 0.29999999999999993,
            "max": 0.5999999999999999,
            "count": 557
        },
        "NpcPlayerGp2.Policy.Beta.mean": {
            "value": 0.004999999999999999,
            "min": 0.004999999999999999,
            "max": 0.004999999999999999,
            "count": 557
        },
        "NpcPlayerGp2.Policy.Beta.sum": {
            "value": 0.009999999999999998,
            "min": 0.004999999999999999,
            "max": 0.009999999999999998,
            "count": 557
        },
        "NpcPlayerGp2.IsTraining.mean": {
            "value": 1.0,
            "min": 1.0,
            "max": 1.0,
            "count": 557
        },
        "NpcPlayerGp2.IsTraining.sum": {
            "value": 1.0,
            "min": 1.0,
            "max": 1.0,
            "count": 557
        }
    },
    "metadata": {
        "timer_format_version": "0.1.0",
        "start_time_seconds": "1725189597",
        "python_version": "3.10.12 (main, Jul  5 2023, 15:34:07) [Clang 14.0.6 ]",
        "command_line_arguments": "/Users/admin/opt/anaconda3/envs/mlagents/bin/mlagents-learn config/tictactoe_gp2.yaml --run-id=TicTacToe_Gp2_v2_5 --env=/Users/admin/Desktop/TicTacToe_TrainGp2_v2.app --no-graphic --resume",
        "mlagents_version": "1.0.0",
        "mlagents_envs_version": "1.0.0",
        "communication_protocol_version": "1.5.0",
        "pytorch_version": "2.2.2",
        "numpy_version": "1.21.2",
        "end_time_seconds": "1725192745"
    },
    "total": 3147.366943518,
    "count": 1,
    "self": 0.389615233999848,
    "children": {
        "run_training.setup": {
            "total": 0.053241812000010214,
            "count": 1,
            "self": 0.053241812000010214
        },
        "TrainerController.start_learning": {
            "total": 3146.924086472,
            "count": 1,
            "self": 4.399458514080834,
            "children": {
                "TrainerController._reset_env": {
                    "total": 10.090792543000163,
                    "count": 57,
                    "self": 10.090792543000163
                },
                "TrainerController.advance": {
                    "total": 3132.388348036919,
                    "count": 178066,
                    "self": 2.2953139239020857,
                    "children": {
                        "env_step": {
                            "total": 3130.093034113017,
                            "count": 178066,
                            "self": 2455.782838143004,
                            "children": {
                                "SubprocessEnvManager._take_step": {
                                    "total": 671.7815245629482,
                                    "count": 178066,
                                    "self": 18.170696589012096,
                                    "children": {
                                        "TorchPolicy.evaluate": {
                                            "total": 653.6108279739361,
                                            "count": 349755,
                                            "self": 653.6108279739361
                                        }
                                    }
                                },
                                "workers": {
                                    "total": 2.5286714070647918,
                                    "count": 178066,
                                    "self": 0.0,
                                    "children": {
                                        "worker_root": {
                                            "total": 3132.630261832105,
                                            "count": 178066,
                                            "is_parallel": true,